Workbook

Sheet Savings Percent
A1: Savings Percent
A2: Shower | B2: Toilet | C2: Faucet | D2: Laundry | E2: Dishwasher | F2: Outdoor | H2: Bins | I2: Shower | J2: Toilet | K2: Faucet | L2: Laundry | M2: Dishwasher | N2: Outdoor
A3: =MCWaterSavings!B2/MCWaterBefore!B2 -> 0.4 | B3: =MCWaterSavings!C2/MCWaterBefore!C2 -> 0 | C3: =MCWaterSavings!D2/MCWaterBefore!D2 -> 0.59090909 | D3: =MCWaterSavings!E2/MCWaterBefore!E2 -> 0 | E3: =MCWaterSavings!F2/MCWaterBefore!F2 -> 0 | F3: =MCWaterSavings!G2/MCWaterBefore!G2 -> 0.33208927 | H3: 0 | I3: =COUNTIF(A3:A252,0) -> 32 | J3: =COUNTIF(B3:B252,0) -> 69 | K3: =COUNTIF(C3:C252,0) -> 37 | L3: =COUNTIF(D3:D252,0) -> 112 | M3: =COUNTIF(E3:E252,0) -> 100 | N3: =COUNTIF(F3:F252,0) -> 124
A4: =MCWaterSavings!B3/MCWaterBefore!B3 -> 0.28571429 | B4: =MCWaterSavings!C3/MCWaterBefore!C3 -> 0.38461538 | C4: =MCWaterSavings!D3/MCWaterBefore!D3 -> 0 | D4: =MCWaterSavings!E3/MCWaterBefore!E3 -> 0 | E4: =MCWaterSavings!F3/MCWaterBefore!F3 -> 0 | F4: =MCWaterSavings!G3/MCWaterBefore!G3 -> 0 | H4: 1% - 10% | I4: =COUNTIF(A3:A252,"<=0.1")-I3 -> 10 | J4: =COUNTIF(B3:B252,"<=0.1")-J3 -> 48 | K4: =COUNTIF(C3:C252,"<=0.1")-K3 -> 18 | L4: =COUNTIF(D3:D252,"<=0.1")-L3 -> 0 | M4: =COUNTIF(E3:E252,"<=0.1")-M3 -> 29 | N4: =COUNTIF(F3:F252,"<=0.1")-N3 -> 3
A5: =MCWaterSavings!B4/MCWaterBefore!B4 -> 0.4 | B5: =MCWaterSavings!C4/MCWaterBefore!C4 -> 1.4544934e-16 | C5: =MCWaterSavings!D4/MCWaterBefore!D4 -> 0 | D5: =MCWaterSavings!E4/MCWaterBefore!E4 -> 0 | E5: =MCWaterSavings!F4/MCWaterBefore!F4 -> 0 | F5: =MCWaterSavings!G4/MCWaterBefore!G4 -> 0.34731187 | H5: 11% - 20% | I5: =COUNTIF(A3:A253,"<=0.2")-I4-I3 -> 6 | J5: =COUNTIF(B3:B253,"<=0.2")-J4-J3 -> 0 | K5: =COUNTIF(C3:C253,"<=0.2")-K4-K3 -> 0 | L5: =COUNTIF(D3:D253,"<=0.2")-L4-L3 -> 0 | M5: =COUNTIF(E3:E253,"<=0.2")-M4-M3 -> 0 | N5: =COUNTIF(F3:F253,"<=0.2")-N4-N3 -> 11
A6: =MCWaterSavings!B5/MCWaterBefore!B5 -> 0.48739496 | B6: =MCWaterSavings!C5/MCWaterBefore!C5 -> 0.38461538 | C6: =MCWaterSavings!D5/MCWaterBefore!D5 -> 0.4 | D6: =MCWaterSavings!E5/MCWaterBefore!E5 -> 0 | E6: =MCWaterSavings!F5/MCWaterBefore!F5 -> 0 | F6: =MCWaterSavings!G5/MCWaterBefore!G5 -> 0.26912975 | H6: 21% - 30% | I6: =COUNTIF(A3:A253,"<=0.3")-I4-I3-I5 -> 47 | J6: =COUNTIF(B3:B253,"<=0.3")-J4-J3-J5 -> 0 | K6: =COUNTIF(C3:C253,"<=0.3")-K4-K3-K5 -> 0 | L6: =COUNTIF(D3:D253,"<=0.3")-L4-L3-L5 -> 0 | M6: =COUNTIF(E3:E253,"<=0.3")-M4-M3-M5 -> 0 | N6: =COUNTIF(F3:F253,"<=0.3")-N4-N3-N5 -> 27
A7: =MCWaterSavings!B6/MCWaterBefore!B6 -> 0 | B7: =MCWaterSavings!C6/MCWaterBefore!C6 -> 0 | C7: =MCWaterSavings!D6/MCWaterBefore!D6 -> 0.4 | D7: =MCWaterSavings!E6/MCWaterBefore!E6 -> 0 | E7: =MCWaterSavings!F6/MCWaterBefore!F6 -> 0 | F7: =MCWaterSavings!G6/MCWaterBefore!G6 -> 0 | H7: 31% - 40% | I7: =COUNTIF(A3:A253,"<=0.4")-I4-I3-I5-I6 -> 59 | J7: =COUNTIF(B3:B253,"<=0.4")-J4-J3-J5-J6 -> 133 | K7: =COUNTIF(C3:C253,"<=0.4")-K4-K3-K5-K6 -> 137 | L7: =COUNTIF(D3:D253,"<=0.4")-L4-L3-L5-L6 -> 130 | M7: =COUNTIF(E3:E253,"<=0.4")-M4-M3-M5-M6 -> 121 | N7: =COUNTIF(F3:F253,"<=0.4")-N4-N3-N5-N6 -> 25
A8: =MCWaterSavings!B7/MCWaterBefore!B7 -> 0.25714286 | B8: =MCWaterSavings!C7/MCWaterBefore!C7 -> 0 | C8: =MCWaterSavings!D7/MCWaterBefore!D7 -> 0.4 | D8: =MCWaterSavings!E7/MCWaterBefore!E7 -> 0 | E8: =MCWaterSavings!F7/MCWaterBefore!F7 -> 0.4 | F8: =MCWaterSavings!G7/MCWaterBefore!G7 -> 0 | H8: 41% - 50% | I8: =COUNTIF(A3:A253,"<=0.5")-I4-I3-I5-I6-I7 -> 16 | J8: =COUNTIF(B3:B253,"<=0.5")-J4-J3-J5-J6-J7 -> 0 | K8: =COUNTIF(C3:C253,"<=0.5")-K4-K3-K5-K6-K7 -> 0 | L8: =COUNTIF(D3:D253,"<=0.5")-L4-L3-L5-L6-L7 -> 0 | M8: =COUNTIF(E3:E253,"<=0.5")-M4-M3-M5-M6-M7 -> 0 | N8: =COUNTIF(F3:F253,"<=0.5")-N4-N3-N5-N6-N7 -> 21
A9: =MCWaterSavings!B8/MCWaterBefore!B8 -> 0.4 | B9: =MCWaterSavings!C8/MCWaterBefore!C8 -> 0 | C9: =MCWaterSavings!D8/MCWaterBefore!D8 -> 0 | D9: =MCWaterSavings!E8/MCWaterBefore!E8 -> 0 | E9: =MCWaterSavings!F8/MCWaterBefore!F8 -> -1.638434e-16 | F9: =MCWaterSavings!G8/MCWaterBefore!G8 -> 0 | H9: 51% - 60% | I9: =COUNTIF(A3:A253,"<=0.6")-SUM(I3:I8) -> 35 | J9: =COUNTIF(B3:B253,"<=0.6")-SUM(J3:J8) -> 0 | K9: =COUNTIF(C3:C253,"<=0.6")-SUM(K3:K8) -> 58 | L9: =COUNTIF(D3:D253,"<=0.6")-SUM(L3:L8) -> 8 | M9: =COUNTIF(E3:E253,"<=0.6")-SUM(M3:M8) -> 0 | N9: =COUNTIF(F3:F253,"<=0.6")-SUM(N3:N8) -> 16
A10: =MCWaterSavings!B9/MCWaterBefore!B9 -> 0.74285714 | B10: =MCWaterSavings!C9/MCWaterBefore!C9 -> 0 | C10: =MCWaterSavings!D9/MCWaterBefore!D9 -> 0.59090909 | D10: =MCWaterSavings!E9/MCWaterBefore!E9 -> 0 | E10: =MCWaterSavings!F9/MCWaterBefore!F9 -> 0.4 | F10: =MCWaterSavings!G9/MCWaterBefore!G9 -> 0.65300979 | H10: 61% - 70% | I10: =COUNTIF(A3:A253,"<=0.7")-SUM(I3:I9) -> 25 | J10: =COUNTIF(B3:B253,"<=0.7")-SUM(J3:J9) -> 0 | K10: =COUNTIF(C3:C253,"<=0.7")-SUM(K3:K9) -> 0 | L10: =COUNTIF(D3:D253,"<=0.7")-SUM(L3:L9) -> 0 | M10: =COUNTIF(E3:E253,"<=0.7")-SUM(M3:M9) -> 0 | N10: =COUNTIF(F3:F253,"<=0.7")-SUM(N3:N9) -> 23
A11: =MCWaterSavings!B10/MCWaterBefore!B10 -> 1.7306402e-16 | B11: =MCWaterSavings!C10/MCWaterBefore!C10 -> 0 | C11: =MCWaterSavings!D10/MCWaterBefore!D10 -> 0.31818182 | D11: =MCWaterSavings!E10/MCWaterBefore!E10 -> 0.4 | E11: =MCWaterSavings!F10/MCWaterBefore!F10 -> 0.4 | F11: =MCWaterSavings!G10/MCWaterBefore!G10 -> 0.43140533 | H11: 71% - 80% | I11: =COUNTIF(A3:A253,"<=0.8")-SUM(I3:I10) -> 20 | J11: =COUNTIF(B3:B253,"<=0.8")-SUM(J3:J10) -> 0 | K11: =COUNTIF(C3:C253,"<=0.8")-SUM(K3:K10) -> 0 | L11: =COUNTIF(D3:D253,"<=0.8")-SUM(L3:L10) -> 0 | M11: =COUNTIF(E3:E253,"<=0.8")-SUM(M3:M10) -> 0 | N11: =COUNTIF(F3:F253,"<=0.8")-SUM(N3:N10) -> 0
A12: =MCWaterSavings!B11/MCWaterBefore!B11 -> 0.4 | B12: =MCWaterSavings!C11/MCWaterBefore!C11 -> 0.38461538 | C12: =MCWaterSavings!D11/MCWaterBefore!D11 -> 0.4 | D12: =MCWaterSavings!E11/MCWaterBefore!E11 -> 0 | E12: =MCWaterSavings!F11/MCWaterBefore!F11 -> 0.4 | F12: =MCWaterSavings!G11/MCWaterBefore!G11 -> 0 | H12: 81% - 90% | I12: =COUNTIF(A3:A253,"<=0.9")-SUM(I3:I11) -> 0 | J12: =COUNTIF(B3:B253,"<=0.9")-SUM(J3:J11) -> 0 | K12: =COUNTIF(C3:C253,"<=0.9")-SUM(K3:K11) -> 0 | L12: =COUNTIF(D3:D253,"<=0.9")-SUM(L3:L11) -> 0 | M12: =COUNTIF(E3:E253,"<=0.9")-SUM(M3:M11) -> 0 | N12: =COUNTIF(F3:F253,"<=0.9")-SUM(N3:N11) -> 0
A13: =MCWaterSavings!B12/MCWaterBefore!B12 -> 0.4 | B13: =MCWaterSavings!C12/MCWaterBefore!C12 -> 0.38461538 | C13: =MCWaterSavings!D12/MCWaterBefore!D12 -> 0.59090909 | D13: =MCWaterSavings!E12/MCWaterBefore!E12 -> 0 | E13: =MCWaterSavings!F12/MCWaterBefore!F12 -> 0 | F13: =MCWaterSavings!G12/MCWaterBefore!G12 -> 0.63944799 | I13: =SUM(I3:I12) -> 250 | J13: =SUM(J3:J12) -> 250 | K13: =SUM(K3:K12) -> 250 | L13: =SUM(L3:L12) -> 250 | M13: =SUM(M3:M12) -> 250 | N13: =SUM(N3:N12) -> 250
A14: =MCWaterSavings!B13/MCWaterBefore!B13 -> 0.73306122 | B14: =MCWaterSavings!C13/MCWaterBefore!C13 -> 0.38461538 | C14: =MCWaterSavings!D13/MCWaterBefore!D13 -> 0 | D14: =MCWaterSavings!E13/MCWaterBefore!E13 -> 0.4 | E14: =MCWaterSavings!F13/MCWaterBefore!F13 -> 0 | F14: =MCWaterSavings!G13/MCWaterBefore!G13 -> 0.27446311
A15: =MCWaterSavings!B14/MCWaterBefore!B14 -> 0.69090909 | B15: =MCWaterSavings!C14/MCWaterBefore!C14 -> 0.38461538 | C15: =MCWaterSavings!D14/MCWaterBefore!D14 -> 0.59090909 | D15: =MCWaterSavings!E14/MCWaterBefore!E14 -> 0.4 | E15: =MCWaterSavings!F14/MCWaterBefore!F14 -> -1.638434e-16 | F15: =MCWaterSavings!G14/MCWaterBefore!G14 -> 0.59286901
A16: =MCWaterSavings!B15/MCWaterBefore!B15 -> 0.4 | B16: =MCWaterSavings!C15/MCWaterBefore!C15 -> -1.7644674e-16 | C16: =MCWaterSavings!D15/MCWaterBefore!D15 -> 0.59090909 | D16: =MCWaterSavings!E15/MCWaterBefore!E15 -> 0.4 | E16: =MCWaterSavings!F15/MCWaterBefore!F15 -> 0.4 | F16: =MCWaterSavings!G15/MCWaterBefore!G15 -> 0
A17: =MCWaterSavings!B16/MCWaterBefore!B16 -> 0 | B17: =MCWaterSavings!C16/MCWaterBefore!C16 -> 0 | C17: =MCWaterSavings!D16/MCWaterBefore!D16 -> 1.6737113e-16 | D17: =MCWaterSavings!E16/MCWaterBefore!E16 -> 0.4 | E17: =MCWaterSavings!F16/MCWaterBefore!F16 -> 0 | F17: =MCWaterSavings!G16/MCWaterBefore!G16 -> 0
A18: =MCWaterSavings!B17/MCWaterBefore!B17 -> 0 | B18: =MCWaterSavings!C17/MCWaterBefore!C17 -> 0 | C18: =MCWaterSavings!D17/MCWaterBefore!D17 -> 0.59090909 | D18: =MCWaterSavings!E17/MCWaterBefore!E17 -> 0.4 | E18: =MCWaterSavings!F17/MCWaterBefore!F17 -> -1.638434e-16 | F18: =MCWaterSavings!G17/MCWaterBefore!G17 -> 0.65476472
A19: =MCWaterSavings!B18/MCWaterBefore!B18 -> 0.608 | B19: =MCWaterSavings!C18/MCWaterBefore!C18 -> 0.38461538 | C19: =MCWaterSavings!D18/MCWaterBefore!D18 -> 0.4 | D19: =MCWaterSavings!E18/MCWaterBefore!E18 -> 0 | E19: =MCWaterSavings!F18/MCWaterBefore!F18 -> 0 | F19: =MCWaterSavings!G18/MCWaterBefore!G18 -> 0.3641073
A20: =MCWaterSavings!B19/MCWaterBefore!B19 -> 0.10285714 | B20: =MCWaterSavings!C19/MCWaterBefore!C19 -> -1.6307956e-16 | C20: =MCWaterSavings!D19/MCWaterBefore!D19 -> 0 | D20: =MCWaterSavings!E19/MCWaterBefore!E19 -> 0.4 | E20: =MCWaterSavings!F19/MCWaterBefore!F19 -> 0.4 | F20: =MCWaterSavings!G19/MCWaterBefore!G19 -> 0.25500166
A21: =MCWaterSavings!B20/MCWaterBefore!B20 -> 0.28571429 | B21: =MCWaterSavings!C20/MCWaterBefore!C20 -> 0 | C21: =MCWaterSavings!D20/MCWaterBefore!D20 -> 2.2122097e-16 | D21: =MCWaterSavings!E20/MCWaterBefore!E20 -> 0 | E21: =MCWaterSavings!F20/MCWaterBefore!F20 -> 0 | F21: =MCWaterSavings!G20/MCWaterBefore!G20 -> 0
A22: =MCWaterSavings!B21/MCWaterBefore!B21 -> 0.4 | B22: =MCWaterSavings!C21/MCWaterBefore!C21 -> 0.38461538 | C22: =MCWaterSavings!D21/MCWaterBefore!D21 -> 0.31818182 | D22: =MCWaterSavings!E21/MCWaterBefore!E21 -> 0 | E22: =MCWaterSavings!F21/MCWaterBefore!F21 -> 0 | F22: =MCWaterSavings!G21/MCWaterBefore!G21 -> 0
A23: =MCWaterSavings!B22/MCWaterBefore!B22 -> 0.74285714 | B23: =MCWaterSavings!C22/MCWaterBefore!C22 -> 1.1450267e-16 | C23: =MCWaterSavings!D22/MCWaterBefore!D22 -> 0.4 | D23: =MCWaterSavings!E22/MCWaterBefore!E22 -> 0.4 | E23: =MCWaterSavings!F22/MCWaterBefore!F22 -> 0 | F23: =MCWaterSavings!G22/MCWaterBefore!G22 -> 0
A24: =MCWaterSavings!B23/MCWaterBefore!B23 -> 0.46666667 | B24: =MCWaterSavings!C23/MCWaterBefore!C23 -> 0.38461538 | C24: =MCWaterSavings!D23/MCWaterBefore!D23 -> 0.31818182 | D24: =MCWaterSavings!E23/MCWaterBefore!E23 -> 0 | E24: =MCWaterSavings!F23/MCWaterBefore!F23 -> 0.4 | F24: =MCWaterSavings!G23/MCWaterBefore!G23 -> 0
A25: =MCWaterSavings!B24/MCWaterBefore!B24 -> 0.28571429 | B25: =MCWaterSavings!C24/MCWaterBefore!C24 -> 0.38461538 | C25: =MCWaterSavings!D24/MCWaterBefore!D24 -> 0.31818182 | D25: =MCWaterSavings!E24/MCWaterBefore!E24 -> 0.4 | E25: =MCWaterSavings!F24/MCWaterBefore!F24 -> 0.4 | F25: =MCWaterSavings!G24/MCWaterBefore!G24 -> 0.28283865
... A252: =MCWaterSavings!B251/MCWaterBefore!B251 -> 0.43223443 | B252: =MCWaterSavings!C251/MCWaterBefore!C251 -> 0 | C252: =MCWaterSavings!D251/MCWaterBefore!D251 -> 0.59090909 | D252: =MCWaterSavings!E251/MCWaterBefore!E251 -> 0 | E252: =MCWaterSavings!F251/MCWaterBefore!F251 -> 0.4 | F252: =MCWaterSavings!G251/MCWaterBefore!G251 -> 0.30084663

Sheet Figures
A1: Action | B1: Times chosen
A2: LowFlowShower | B2: =COUNTIF(MCActionLong!B2:B240, 1) -> 111
A3: LowFLowToilet | B3: =COUNTIF(MCActionLong!C2:C240, 1) -> 133
A4: AeratorFaucet | B4: =COUNTIF(MCActionLong!D2:D240, 1) -> 126
A5: HELaundry | B5: =COUNTIF(MCActionLong!E2:E240, 1) -> 8
A6: HEDishwasher | B6: =COUNTIF(MCActionLong!F2:F240, 1) -> 0
A7: ShortShowers | B7: =COUNTIF(MCActionShort!B2:B245, ">0") -> 119
A8: LessShowers | B8: =COUNTIF(MCActionShort!C2:C245, ">0") -> 113
A9: LessFaucet | B9: =COUNTIF(MCActionShort!D2:D245, ">0") -> 127
A10: LessLaundry | B10: =COUNTIF(MCActionShort!E2:E245, ">0") -> 130
A11: LessDishLoads | B11: =COUNTIF(MCActionShort!F2:F245, ">0") -> 121
A12: OutdoorReduction | B12: =COUNTIF(MCOutdoorWilling!Q2:IP2, 1) -> 114
A18: End Use | B18: Before | C18: After | D18: Average Savings
A19: Shower | B19: =AVERAGE(MCWaterBefore!B2:B251) -> 546187.82 | C19: =AVERAGE(MCWaterAfter!B2:B251) -> 329748.43 | D19: =AVERAGE(MCWaterSavings!B2:B251) -> 248210.31
A20: Toilet | B20: =AVERAGE(MCWaterBefore!C2:C251) -> 88826.4 | C20: =AVERAGE(MCWaterAfter!C2:C251) -> 70526.56 | D20: =AVERAGE(MCWaterSavings!C2:C251) -> 25276.022
A21: Faucets | B21: =AVERAGE(MCWaterBefore!D2:D251) -> 91117.312 | C21: =AVERAGE(MCWaterAfter!D2:D251) -> 61003.28 | D21: =AVERAGE(MCWaterSavings!D2:D251) -> 35345.108
A22: Laundry | B22: =AVERAGE(MCWaterBefore!E2:E251) -> 76989.12 | C22: =AVERAGE(MCWaterAfter!E2:E251) -> 58512.896 | D22: =AVERAGE(MCWaterSavings!E2:E251) -> 33471.42
A23: Dishwasher | B23: =AVERAGE(MCWaterBefore!F2:F251) -> 17078.048 | C23: =AVERAGE(MCWaterAfter!F2:F251) -> 13799.469 | D23: =AVERAGE(MCWaterSavings!F2:F251) -> 5464.2987
A24: Outdoor | B24: =AVERAGE(MCWaterBefore!G2:G251) -> 623943.68 | C24: =AVERAGE(MCWaterAfter!G2:G251) -> 491959.11 | D24: =AVERAGE(MCWaterSavings!G2:G251) -> 261874.15

Sheet Summary
B1: ObjValue | C1: TotalWater_Current | D1: TotalWater_After | E1: InvestCost | K1: s1 | L1: s2 | M1: s3 | N1: s4 | O1: s5 | P1: s6 | Q1: s7 | R1: s8 | S1: s9 | T1: s10 | U1: s11 | V1: s12 | W1: s13 | X1: s14 | Y1: s15 | Z1: s16 | AA1: s17 | AB1: s18 | AC1: s19 | AD1: s20 | AE1: s21 | AF1: s22 | AG1: s23 | AH1: s24 | AI1: s25 | AJ1: s26 | AK1: s27 | AL1: s28 | AM1: s29 | AN1: s30 | AO1: s31 | AP1: s32 | AQ1: s33 | AR1: s34 | AS1: s35 | AT1: s36 | AU1: s37 | AV1: s38 | AW1: s39 | AX1: s40 | AY1: s41 | AZ1: s42 | BA1: s43 | BB1: s44 | BC1: s45 | BD1: s46 | BE1: s47 | BF1: s48 | BG1: s49 | BH1: s50 | BI1: s51 | BJ1: s52 | BK1: s53 | BL1: s54 | BM1: s55 | BN1: s56 | BO1: s57 | BP1: s58 | BQ1: s59 | BR1: s60 | BS1: s61 | BT1: s62 | BU1: s63 | BV1: s64 | BW1: s65 | BX1: s66 | BY1: s67 | BZ1: s68 | CA1: s69 | CB1: s70 | CC1: s71 | CD1: s72 | CE1: s73 | CF1: s74 | CG1: s75 | CH1: s76 | CI1: s77 | CJ1: s78 | CK1: s79 | CL1: s80 | CM1: s81 | CN1: s82 | CO1: s83 | CP1: s84 | CQ1: s85 | CR1: s86 | CS1: s87 | CT1: s88 | CU1: s89 | CV1: s90 | CW1: s91 | CX1: s92 | CY1: s93 | CZ1: s94 | DA1: s95 | DB1: s96 | DC1: s97 | DD1: s98 | DE1: s99 | DF1: s100 | DG1: s101 | DH1: s102 | DI1: s103 | DJ1: s104 | DK1: s105 | DL1: s106 | DM1: s107 | DN1: s108 | DO1: s109 | DP1: s110 | DQ1: s111 | DR1: s112 | DS1: s113 | DT1: s114 | DU1: s115 | DV1: s116 | DW1: s117 | DX1: s118 | DY1: s119 | DZ1: s120 | EA1: s121 | EB1: s122 | EC1: s123 | ED1: s124 | EE1: s125 | EF1: s126 | EG1: s127 | EH1: s128 | EI1: s129 | EJ1: s130 | EK1: s131 | EL1: s132 | EM1: s133 | EN1: s134 | EO1: s135 | EP1: s136 | EQ1: s137 | ER1: s138 | ES1: s139 | ET1: s140 | EU1: s141 | EV1: s142 | EW1: s143 | EX1: s144 | EY1: s145 | EZ1: s146 | FA1: s147 | FB1: s148 | FC1: s149 | FD1: s150 | FE1: s151 | FF1: s152 | FG1: s153 | FH1: s154 | FI1: s155 | FJ1: s156 | FK1: s157 | FL1: s158 | FM1: s159 | FN1: s160 | FO1: s161 | FP1: s162 | FQ1: s163 | FR1: s164 | FS1: s165 | FT1: s166 | FU1: s167 | FV1: s168 | FW1: s169 | FX1: s170 | FY1: s171 | FZ1: s172 | GA1: s173 | GB1: s174 | GC1: s175 | GD1: s176 | GE1: s177 | GF1: s178 | GG1: s179 | GH1: s180 | GI1: s181 | GJ1: s182 | GK1: s183 | GL1: s184 | GM1: s185 | GN1: s186 | GO1: s187 | GP1: s188 | GQ1: s189 | GR1: s190 | GS1: s191 | GT1: s192 | GU1: s193 | GV1: s194 | GW1: s195 | GX1: s196 | GY1: s197 | GZ1: s198 | HA1: s199 | HB1: s200 | HC1: s201 | HD1: s202 | HE1: s203 | HF1: s204 | HG1: s205 | HH1: s206 | HI1: s207 | HJ1: s208 | HK1: s209 | HL1: s210 | HM1: s211 | HN1: s212 | HO1: s213 | HP1: s214 | HQ1: s215 | HR1: s216 | HS1: s217 | HT1: s218 | HU1: s219 | HV1: s220 | HW1: s221 | HX1: s222 | HY1: s223 | HZ1: s224 | IA1: s225 | IB1: s226 | IC1: s227 | ID1: s228 | IE1: s229 | IF1: s230 | IG1: s231 | IH1: s232 | II1: s233 | IJ1: s234 | IK1: s235 | IL1: s236 | IM1: s237 | IN1: s238 | IO1: s239 | IP1: s240 | IQ1: s241 | IR1: s242 | IS1: s243 | IT1: s244 | IU1: s245 | IV1: s246 | IW1: s247 | IX1: s248 | IY1: s249 | IZ1: s250
A2: s1 | B2: 52960.954 | C2: 8090542.9 | D2: 7974541.3 | E2: 10 | K2: 770.25062 | L2: 7965.8168 | M2: 1037.6787 | N2: 4995.511 | O2: 2386.5754 | P2: 2241.0053 | Q2: 9682.5351 | R2: 9201.9882 | S2: 1936.0459 | T2: 7828.6854 | U2: 423.86573 | V2: 9774.7042 | W2: 3442.8699 | X2: 30287.962 | Y2: 18215.951 | Z2: 26096.475 | AA2: 42875.43 | AB2: 2226.5236 | AC2: 455.36332 | AD2: 46197.087 | AE2: 15035.093 | AF2: 4779.6351 | AG2: 51777.947 | AH2: 5291.2152 | AI2: 3985.0836 | AJ2: 5067.4702 | AK2: 996.47271 | AL2: 49314.561 | AM2: 7772.4514 | AN2: 45318.145 | AO2: 2443.4223 | AP2: 9276.0715 | AQ2: 2430.8264 | AR2: 17456.744 | AS2: 1504.7648 | AT2: 36146.788 | AU2: 15897.327 | AV2: 18962.421 | AW2: 29004.846 | AX2: 4642.5106 | AY2: 6029.5298 | AZ2: 33369.676 | BA2: 1371.4089 | BB2: 76861.452 | BC2: 24973.874 | BD2: 33527.443 | BE2: 8562.3363 | BF2: 1591.7546 | BG2: 2261.3906 | BH2: 4225.7128 | BI2: 17711.495 | BJ2: 2968.4274 | BK2: 24551.5 | BL2: 19531.516 | BM2: 902.1393 | BN2: 4561.5286 | BO2: 3093.1881 | BP2: 12427.197 | BQ2: 3587.8909 | BR2: 7393.1769 | BS2: 24624.381 | BT2: 1271.4591 | BU2: 23899.025 | BV2: 11738.554 | BW2: 18418.975 | BX2: 6126.813 | BY2: 27149.98 | BZ2: 8490.2971 | CA2: 10235.838 | CB2: 3675.7133 | CC2: 3240.1075 | CD2: 9283.2229 | CE2: 43467.029 | CF2: 58247.786 | CG2: 3120.0606 | CH2: 2974.7667 | CI2: 7322.3261 | CJ2: 1366.6285 | CK2: 6470.4484 | CL2: 5002.9009 | CM2: 5589.9133 | CN2: 23955.518 | CO2: 3604.5414 | CP2: 7693.0246 | CQ2: 1609.4343 | CR2: 3682.0659 | CS2: 5292.3373 | CT2: 21958.234 | CU2: 8365.2532 | CV2: 22939.24 | CW2: 3267.2297 | CX2: 9199.3125 | CY2: 9767.779 | CZ2: 3398.4294 | DA2: 2662.7616 | DB2: 12483.806 | DC2: 5479.7317 | DD2: 19457.08 | DE2: 19467.805 | DF2: 15040.826 | DG2: 8344.8099 | DH2: 4755.9012 | DI2: 1620.3852 | DJ2: 22403.838 | DK2: 1238.2381 | DL2: 10530.282 | DM2: 3088.571 | DN2: 39743.287 | DO2: 3218.3234 | DP2: 36059.685 | DQ2: 53955.745 | DR2: 2392.0998 | DS2: 4098.4004 | DT2: 58192.415 | DU2: 5110.1315 | DV2: 1611.7127 | DW2: 9734.9624 | DX2: 5727.2837 | DY2: 47823.749 | DZ2: 7576.8243 | EA2: 8322.5383 | EB2: 6061.8393 | EC2: 13304.743 | ED2: 28655.795 | EE2: 40187.31 | EF2: 40215.59 | EG2: 5814.308 | EH2: 7248.1178 | EI2: 47184.584 | EJ2: 44684.359 | EK2: 8550.6998 | EL2: 5066.5075 | EM2: 64341.394 | EN2: 67955.295 | EO2: 502.72333 | EP2: 2967.3606 | EQ2: 17018.722 | ER2: 1840.8534 | ES2: 5454.3605 | ET2: 45094.206 | EU2: 2865.7135 | EV2: 20697.976 | EW2: 34180.259 | EX2: 3221.1738 | EY2: 8641.7208 | EZ2: 29961.962 | FA2: 18474.164 | FB2: 4981.1474 | FC2: 8119.3227 | FD2: 4320.7027 | FE2: 26037.591 | FF2: 25134.519 | FG2: 42873.763 | FH2: 18016.02 | FI2: 2315.5215 | FJ2: 14849.463 | FK2: 29011.486 | FL2: 9596.9084 | FM2: 1703.3353 | FN2: 45826.904 | FO2: 5186.9619 | FP2: 735.58451 | FQ2: 7301.9262 | FR2: 6348.1703 | FS2: 629.97525 | FT2: 1878.288 | FU2: 275.17435 | FV2: 7404.3224 | FW2: 2986.23 | FX2: 8075.2429 | FY2: 5229.5048 | FZ2: 4691.5265 | GA2: 3403.7758 | GB2: 6090.4171 | GC2: 36047.199 | GD2: 3726.7037 | GE2: 9277.8117 | GF2: 11607.416 | GG2: 58398.578 | GH2: 5534.6552 | GI2: 2547.0615 | GJ2: 14181.677 | GK2: 45860.034 | GL2: 37351.547 | GM2: 5909.3618 | GN2: 830.05312 | GO2: 3277.8121 | GP2: 46300.464 | GQ2: 507.42047 | GR2: 299.20584 | GS2: 211.43566 | GT2: 716.09691 | GU2: 22758.869 | GV2: 12805.717 | GW2: 16705.002 | GX2: 5567.645 | GY2: 7267.1082 | GZ2: 4001.6099 | HA2: 18563.132 | HB2: 2041.9652 | HC2: 20398.729 | HD2: 4982.5976 | HE2: 1610.5464 | HF2: 17824.45 | HG2: 7753.7936 | HH2: 18930.017 | HI2: 50257.034 | HJ2: 4389.7945 | HK2: 2788.3656 | HL2: 1367.6048 | HM2: 18438.504 | HN2: 3814.7916 | HO2: 1934.1204 | HP2: 391.96186 | HQ2: 1540.088 | HR2: 32176.905 | HS2: 2688.212 | HT2: 4654.3606 | HU2: 9786.9167 | HV2: 15160.22 | HW2: 6790.4026 | HX2: 21171.575 | HY2: 23120.57 | HZ2: 23652.15 | IA2: 819.63948 | IB2: 18100.406 | IC2: 13074.29 | ID2: 49137.266 | IE2: 4797.1905 | IF2: 1229.5421 | IG2: 38815.013 | IH2: 6790.7842 | II2: 37792.415 | IJ2: 4002.03 | IK2: 19334.288 | IL2: 9486.1813 | IM2: 547.58646 | IN2: 1591.7132 | IO2: 48150.677 | IP2: 4961.5355 | IQ2: 25399.46 | IR2: 7789.9311 | IS2: 15547.267 | IT2: 23046.736 | IU2: 4382.639 | IV2: 6001.5741 | IW2: 8206.615 | IX2: 4004.1149 | IY2: 7955.8036 | IZ2: 1651.2671
A3: s2 | B3: 16836.627 | C3: 3622356 | D3: 2422684.8 | E3: 750
A4: s3 | B4: 3901.9531 | C4: 683679.48 | D4: 527402.57 | E4: 400
A5: s4 | B5: 9863.2631 | C5: 2168490.1 | D5: 1416154.1 | E5: 460
A6: s5 | B6: 4539.9227 | C6: 982906.33 | D6: 623482.33 | E6: 400
A7: s6 | B7: 28220.273 | C7: 4570975.7 | D7: 4233474.9 | E7: 110
A8: s7 | B8: 18625.65 | C8: 4203039.9 | D8: 2744826.8 | E8: 400
A9: s8 | B9: 11265.667 | C9: 3020731.2 | D9: 1634889.6 | E9: 410
A10: s9 | B10: 3063.5437 | C10: 638492.41 | D10: 346919.23 | E10: 760
A11: s10 | B11: 5942.5913 | C11: 2013746.5 | D11: 834727.6 | E11: 400
A12: s11 | B12: 14958.815 | C12: 2307632.7 | D12: 2243797.5 | E12: 60
A13: s12 | B13: 27473.069 | C13: 5591532.1 | D13: 4119438.1 | E13: 120
A14: s13 | B14: 5810.9845 | C14: 1280701 | D14: 762196.46 | E14: 750
... A85: s84 | B85: 5287.8103 | C85: 1831451 | D85: 672862.99 | E85: 820
A86: s85 | B86: 10013.312 | C86: 1750413.6 | D86: 1508028.9
A87: s86 | B87: 5071.6743 | C87: 1211406.7 | D87: 656878.66 | E87: 710
A88: s87 | B88: 5256.9135 | C88: 1465248.6 | D88: 668209.86 | E88: 820
A89: s88 | B89: 17035.002 | C89: 5803198.1 | D89: 2496235.3 | E89: 460
A90: s89 | B90: 11539.201 | C90: 2937417.9 | D90: 1677590.6 | E90: 400
A91: s90 | B91: 16974.244 | C91: 5889078.9 | D91: 2434374.1 | E91: 810
A92: s91 | B92: 37015.664 | C92: 6010978 | D92: 5518925.3 | E92: 370
A93: s92 | B93: 15587.663 | C93: 3732978.3 | D93: 2347539.7
A94: s93 | B94: 46295.583 | C94: 8380024.4 | D94: 6908973.4 | E94: 420
A95: s94 | B95: 34232.994 | C95: 5614672.2 | D95: 5102860.5 | E95: 350
A96: s95 | B96: 5644.758 | C96: 1198421.6 | D96: 797403.31 | E96: 350
A97: s96 | B97: 6211.3195 | C97: 2737217.6 | D97: 857126.44 | E97: 520
A98: s97 | B98: 11256.615 | C98: 2475353.4 | D98: 1650092.6 | E98: 300
A99: s98 | B99: 14944.423 | C99: 5102636.1 | D99: 2172352.9 | E99: 520
A100: s99 | B100: 21381.885 | C100: 6036097.9 | D100: 3104199.5 | E100: 770
A101: s100 | B101: 17204.506 | C101: 4786947.6 | D101: 2521763 | E101: 460
A102: s101 | B102: 15019.373 | C102: 3518702.2 | D102: 2261953.7
A103: s102 | B103: 5505.3697 | C103: 1474589 | D103: 758338.8 | E103: 470
A104: s103 | B104: 8528.6367 | C104: 1511900.9 | D104: 1267867 | E104: 110
A105: s104 | B105: 36481.32 | C105: 8804993.7 | D105: 5430921.7 | E105: 420
A106: s105 | B106: 3306.0158 | C106: 631664.75 | D106: 445183.1 | E106: 350
A107: s106 | B107: 9908.7634 | C107: 3016422.5 | D107: 1430536.7 | E107: 410
A108: s107 | B108: 5834.3766 | C108: 1273034.3 | D108: 807888.04 | E108: 470
A109: s108 | B109: 24307.784 | C109: 9586004.6 | D109: 3600569.8 | E109: 400
A110: s109 | B110: 25009.87 | C110: 4233161.7 | D110: 3748474.4 | E110: 120
A111: s110 | B111: 19907.4 | C111: 8306789.9 | D111: 2876114.5 | E111: 810
A112: s111 | B112: 95008.35 | C112: 22389171 | D112: 14263306 | E112: 300
A113: s112 | B113: 17369.763 | C113: 2921967.3 | D113: 2561711.3 | E113: 360
A114: s113 | B114: 6102.0167 | C114: 1518135.1 | D114: 900906.13 | E114: 120
A115: s114 | B115: 28580.676 | C115: 12997454 | D115: 4233535.6 | E115: 470
A116: s115 | B116: 40093.734 | C116: 6807811.1 | D116: 6038213
A117: s116 | B117: 55460.153 | C117: 8587630.5 | D117: 8344902.6 | E117: 50
A118: s117 | B118: 11575.169 | C118: 3085863.2 | D118: 1619754.4 | E118: 820
A119: s118 | B119: 11059.947 | C119: 2519161.3 | D119: 1656618.6 | E119: 60
A120: s119 | B120: 36895.9 | C120: 12653562 | D120: 5451189.8 | E120: 700
A121: s120 | B121: 16171.663 | C121: 3569049.3 | D121: 2427961.3 | E121: 50
A122: s121 | B122: 18298.089 | C122: 4007624.5 | D122: 2754230.2 | E122: 10
A123: s122 | B123: 109523.65 | C123: 17390887 | D123: 16477959 | E123: 110
A124: s123 | B124: 22814.133 | C124: 5430553.7 | D124: 3426827.3 | E124: 60
A125: s124 | B125: 31774.797 | C125: 8985028.9 | D125: 4669397.1 | E125: 770
A126: s125 | B126: 21048.425 | C126: 9160502.2 | D126: 3108196.5 | E126: 410
A127: s126 | B127: 37246.915 | C127: 11587727 | D127: 5531161.9 | E127: 520
A128: s127 | B128: 21080.322 | C128: 3943468.4 | D128: 3067819.6 | E128: 710
... A135: s134 | B135: 58671.001 | C135: 19000948 | D135: 8766717 | E135: 460
A136: s135 | B136: 13698.69 | C136: 2138767.1 | D136: 2063055.8
A137: s136 | B137: 4531.3086 | C137: 1014859.8 | D137: 567968.16 | E137: 760
A138: s137 | B138: 20115.281 | C138: 5514157.1 | D138: 2951096.5 | E138: 520
A139: s138 | B139: 12925.624 | C139: 2205794.8 | D139: 1928557.8 | E139: 120
A140: s139 | B140: 12256.368 | C140: 2665772.3 | D140: 1844332.5 | E140: 10
A141: s140 | B141: 18229.124 | C141: 9467369 | D141: 2676072.9 | E141: 460
A142: s141 | B142: 3455.0333 | C142: 837461.88 | D142: 405878.52 | E142: 760
A143: s142 | B143: 13630.91 | C143: 5046519 | D143: 1929353.9 | E143: 820
A144: s143 | B144: 57702.035 | C144: 13784984 | D144: 8637354.7 | E144: 350
A145: s144 | B145: 5347.9701 | C145: 1281497.6 | D145: 796381.04 | E145: 60
A146: s145 | B146: 15161.916 | C146: 3566812.8 | D146: 2265348.8 | E146: 120
A147: s146 | B147: 24933.319 | C147: 8152903.7 | D147: 3640560.1 | E147: 760
A148: s147 | B148: 28199.604 | C148: 6958398.7 | D148: 4176145.1 | E148: 470
... A191: s190 | B191: 719.34469 | C191: 151890.14 | D191: 106829.02 | E191: 10
A192: s191 | B192: 1495.6495 | C192: 257091.14 | D192: 225248.42
A193: s192 | B193: 21365.591 | C193: 3318025.2 | D193: 3210179.3 | E193: 50
A194: s193 | B194: 39512.001 | C194: 9331456.2 | D194: 5903915.8 | E194: 310
A195: s194 | B195: 32342.897 | C195: 6790453.9 | D195: 4861882.1 | E195: 60
A196: s195 | B196: 10295.096 | C196: 3951822 | D196: 1436008.4 | E196: 760
A197: s196 | B197: 7980.7815 | C197: 1995245 | D197: 1156744.2 | E197: 300
A198: s197 | B198: 19239.778 | C198: 3939290.1 | D198: 2844846.1 | E198: 350
A199: s198 | B199: 6575.7337 | C199: 1582431.3 | D199: 979779.17 | E199: 70
A200: s199 | B200: 20975.966 | C200: 5885406.4 | D200: 3089754 | E200: 460
A201: s200 | B201: 5741.4419 | C201: 1164669.7 | D201: 857144.86 | E201: 50
A202: s201 | B202: 11238.461 | C202: 4695359.9 | D202: 1623262.2 | E202: 460
A203: s202 | B203: 58951.016 | C203: 9574339.5 | D203: 8823948.3 | E203: 360
A204: s203 | B204: 21864.934 | C204: 3527933.8 | D204: 3285381.7 | E204: 50
... A206: s205 | B206: 31319.257 | C206: 5875459.4 | D206: 4707719.4 | E206: 60
A207: s206 | B207: 36784.867 | C207: 8390795.8 | D207: 5539889.6
A208: s207 | B208: 21469.479 | C208: 10725379 | D208: 3156548 | E208: 510
A209: s208 | B209: 51875.109 | C209: 8428449.4 | D209: 7767335.7 | E209: 300
A210: s209 | B210: 5396.0688 | C210: 1223559.4 | D210: 803624.82 | E210: 60
A211: s210 | B211: 38023.823 | C211: 5930937.9 | D211: 5724973.3 | E211: 10
A212: s211 | B212: 18870.649 | C212: 5548065.3 | D212: 2771182.1 | E212: 470
A213: s212 | B213: 5453.556 | C213: 1272341.5 | D213: 697824.7 | E213: 820
A214: s213 | B214: 52822.895 | C214: 8190815.6 | D214: 7899532.4 | E214: 370
A215: s214 | B215: 2234.4104 | C215: 377465.69 | D215: 318435.29 | E215: 120
A216: s215 | B216: 25044.696 | C216: 4003732.5 | D216: 3771791.6
A217: s216 | B217: 32553.095 | C217: 9635542.2 | D217: 4789622.7 | E217: 750
A218: s217 | B218: 9645.0984 | C218: 1741462.4 | D218: 1336611.2 | E218: 770
A219: s218 | B219: 3183.4915 | C219: 1118652.4 | D219: 417694.5 | E219: 410
...

Sheet SavingsBreakdown
B1: Shower | C1: Toilet | D1: Faucets | E1: Laundry | F1: Dishwasher | G1: Outdoor
A2: s1 | B2: 78936 | C2: 2.3283064e-10 | D2: 37065.6
A3: s2 | D3: 73382.4 | E3: 1002456 | F3: 123832.8
A4: s3 | B4: 2620.8 | D4: 2196.48 | E4: 101088 | G4: 50371.628
A5: s4 | C5: 21840 | D5: 59488 | E5: 468000 | F5: 203008
A6: s5 | E6: 359424 | F6: -2.910383e-11
A7: s6 | B7: 48921.6 | C7: 211120 | D7: 77459.2
A8: s7 | B8: 1.1641532e-10 | D8: 43929.6 | E8: 741312 | F8: 672971.52
A9: s8 | B9: 63336 | D9: 160617.6 | E9: 1085760 | F9: 76128
A10: s9 | B10: 27518.4 | C10: 65520 | D10: 1281.28 | E10: 123552 | F10: 67704 | G10: 5997.4955
A11: s10 | B11: 69189.12 | C11: -2.910383e-11 | D11: 7321.6 | E11: 1085760 | F11: 16748.16
A12: s11 | B12: 22464 | C12: -2.910383e-11 | D12: 41371.2 | F12: -1.4551915e-11
A13: s12 | B13: 141523.2 | C13: 16380 | D13: 472726.8 | E13: 841464 | F13: -4.6566129e-10
A14: s13 | B14: 960.96 | C14: -2.910383e-11 | D14: 74360 | E14: 262080 | F14: 141086.4 | G14: 40017.143
A15: s14 | B15: 1.1641532e-10 | C15: 68640 | D15: 82368 | E15: 4410432 | F15: -1.1641532e-10
A16: s15 | B16: 45864 | C16: 61880 | D16: 5.8207661e-11 | E16: 2584108.8 | F16: 51513.28
A17: s16 | B17: 29484 | C17: -5.8207661e-11 | D17: 10982.4 | E17: 3420144 | F17: 383685.12 | G17: 85896.549
A18: s17 | B18: 117936 | D18: 104832 | E18: 6177600 | G18: 56775.136
A19: s18 | B19: 21141.12 | C19: 96096 | D19: 100855.04 | F19: 67267.2 | G19: 49960.455
A20: s19 | B20: 37346.4 | G20: 31232.414
A21: s20 | B21: 141523.2 | C21: 243360 | E21: 5896800 | F21: 470995.2 | G21: 204714.24
A22: s21 | B22: 51367.68 | C22: 114816 | E22: 1824076.8 | F22: 274060.8
A23: s22 | B23: 68739.84 | C23: 28392 | D23: 1647.36 | E23: 437923.2 | F23: 146031.6 | G23: 37090.566
A24: s23 | B24: 98560.8 | C24: -7.2759576e-12 | D24: 20638.8 | E24: 7426598.4 | F24: 97063.2 | G24: 155022.34
A25: s24 | C25: -7.2759576e-12 | D25: 83959.2 | E25: 577740.8 | F25: 85263.36 | G25: 49906.398
A26: s25 | B26: 23587.2 | C26: -3.6379788e-12 | E26: 576576
A27: s26 | B27: 2673.216 | E27: 580320 | F27: 180180
A28: s27 | B28: 20161.44 | C28: 1.1641532e-10 | D28: 51105.6 | E28: 25147.2 | F28: 11419.2 | G28: 42237.751
A29: s28 | B29: 268632 | C29: 95472 | D29: 135358.08 | E29: 6840288 | F29: 87141.6
A30: s29 | B30: 5.8207661e-11 | D30: 39811.2 | E30: 973440 | F30: 128783.2 | G30: 28515.506
A31: s30 | B31: 262211.04 | D31: 140540.4 | E31: 5016211.2 | F31: 1406059.2
A32: s31 | B32: 127576.8 | D32: 53676.48 | F32: 186732
A33: s32 | B33: 3120 | D33: 44478.72 | E33: 1042329.6 | F33: 307070.4
A34: s33 | B34: 37440 | C34: 22880 | D34: 36241.92 | E34: 269526.4
A35: s34 | C35: -5.8207661e-11 | E35: 2515968 | F35: -1.4551915e-11 | G35: 113059.77
A36: s35 | B36: 53539.2 | D36: 109200 | F36: 63882
A37: s36 | B37: 69896.736 | D37: 1.1641532e-10 | E37: 5016211.2 | F37: 64209.6 | G37: 293475.87
A38: s37 | B38: 586310.4 | C38: 1.1641532e-10 | E38: 1769040 | F38: 38825.28
A39: s38 | B39: 125798.4 | C39: 145600 | D39: 10982.4 | E39: 2493504 | G39: 79901.549
A40: s39 | B40: 419328 | D40: 37889.28 | E40: 3412281.6 | F40: 498700.8
A41: s40 | B41: 5.8207661e-11 | C41: 49920 | D41: 225108 | E41: 404352 | F41: 19793.28
A42: s41 | B42: 6240 | C42: 147420 | D42: 254852 | E42: 187200 | F42: 243386 | G42: 68963.714
A43: s42 | B43: 28304.64 | C43: -1.1641532e-10 | D43: 5.8207661e-11 | E43: 4456857.6 | F43: 398652.8 | G43: 141738.59
A44: s43 | B44: 18645.12 | C44: -5.8207661e-11 | D44: 21781.76 | F44: 51767.04 | G44: 114343.56
A45: s44 | B45: 465454.08 | C45: 374400 | E45: 10543936 | G45: 191729.87
A46: s45 | B46: 32148.48 | C46: 43264 | E46: 3575769.6 | G46: 109943.52
A47: s46 | B47: 30576 | C47: 144144 | D47: 15375.36 | E47: 4520880 | F47: 199326.4 | G47: 139011.9
A48: s47 | C48: 15600 | D48: 26208 | E48: 1235520 | F48: 12180.48 | G48: 2.910383e-11
A49: s48 | B49: 118198.08 | C49: 121524 | D49: -5.8207661e-11
A50: s49 | B50: 45052.8 | C50: -1.4551915e-11 | D50: 7687.68 | F50: 287830.4
A51: s50 | B51: 102735.36 | C51: 19188 | D51: 162240 | E51: 293155.2 | G51: 59083.973
A52: s51 | B52: 25159.68 | C52: 79040 | D52: 46126.08 | E52: 2135577.6 | F52: 311875.2 | G52: 69615.296
A53: s52 | B53: 7731.36 | D53: 43792.32 | E53: 328536 | F53: 66992.64
A54: s53 | B54: 117848.64 | C54: 195000 | D54: 109200 | E54: 2770560 | F54: 340704 | G54: 164202.46
A55: s54 | B55: -7.2759576e-12 | C55: 123552 | D55: 237276 | E55: 2345241.6 | F55: 1.1641532e-10 | G55: 235423.81
A56: s55 | B56: 9233.952 | C56: 25168 | D56: 34070.4 | E56: 67392 | G56: 2.910383e-11
A57: s56 | B57: 37065.6 | C57: 3.4924597e-10 | D57: 238820.4 | F57: 411091.2
A58: s57 | B58: 95606.784 | D58: 18345.6 | E58: 238867.2 | F58: 113022
A59: s58 | B59: 11007.36 | D59: 492804 | E59: 943488 | F59: 165110.4 | G59: 259156
A60: s59 | B60: 36734.88 | D60: 8408.4 | E60: 467480 | F60: -2.910383e-11 | G60: 27721.736
A61: s60 | B61: 2995.2 | C61: 62400 | D61: 7.2759576e-12 | E61: 603532.8 | F61: 363636 | G61: 80866.25
A62: s61 | B62: 38578.176 | E62: 3459456 | F62: 48721.92 | G62: 161735
A63: s62 | B63: 22364.16 | C63: 12480 | D63: 21232.64 | E63: 135408
A64: s63 | B64: -2.3283064e-10 | D64: 36241.92 | E64: 3199372.8 | F64: 363636
A65: s64 | B65: 37440 | D65: 66718.08 | E65: 1592448 | F65: 55036.8 | G65: 16211.593
A66: s65 | B66: 30139.2 | C66: 69888 | D66: 34652.8 | E66: 2339064 | F66: 300198.08
A67: s66 | B67: 3494.4 | C67: 49140 | D67: 2.910383e-11 | E67: 784160 | G67: 85918.405
A68: s67 | B68: 181988.35 | C68: 84240 | E68: 3594240 | F68: 228384
A69: s68 | C69: 53872 | D69: 33196.8 | E69: 1191590.4
A70: s69 | B70: 218400 | D70: 26357.76 | F70: 872726.4 | G70: 424057.65
A71: s70 | B71: 283483.2 | C71: 24960 | G71: 245128.08
A72: s71 | B72: 279552 | D72: 42588 | E72: 77376 | F72: 88452
A73: s72 | B73: 123552 | C73: 260000 | D73: 93350.4 | E73: 599664 | F73: 225108 | G73: 96401.337
A74: s73 | B74: 5346.432 | C74: 2.910383e-11 | D74: 105705.6 | E74: 5756400 | F74: 678787.2
A75: s74 | B75: 162489.6 | C75: 83200 | D75: 99008 | E75: 7853664 | F75: 327600 | G75: 246295.35
A76: s75 | B76: 39936 | D76: 32032 | E76: 379142.4 | F76: 18778.24
A77: s76 | B77: 41034.24 | D77: 41932.8 | E77: 227448 | F77: 137592
A78: s77 | B78: 349.44 | D78: 1.1641532e-10 | F78: 864864 | G78: 237546.51
A79: s78 | B79: 13104 | C79: 16848 | F79: 114987.6 | G79: 60877.948
A80: s79 | B80: 239715.84 | C80: 5.8207661e-11 | D80: 238492.8 | F80: 245117.6 | G80: 251138.87
A81: s80 | D81: 25945.92 | E81: 370656 | F81: 310602.24 | G81: 46244.766
A82: s81 | B82: 217152 | C82: 18200 | D82: 1.4551915e-11 | E82: 515840 | G82: 90662.409
A83: s82 | B83: 128419.2 | C83: 101400 | D83: 14185.6 | E83: 3257280 | F83: 66612 | G83: 39861.866
A84: s83 | B84: 181621.44 | D84: 16016 | F84: 183456 | G84: 161759.18
A85: s84 | B85: 65145.6 | C85: 9984 | D85: 44553.6 | E85: 434304 | F85: 461760 | G85: 142840.84
A86: s85 | B86: 2446.08 | F86: 213412.16 | G86: 26526.441
A87: s86 | B87: 79872 | C87: -1.4551915e-11 | E87: 89856 | F87: 384800
A88: s87 | B88: 40185.6 | C88: 10400 | D88: 91936 | E88: 127296 | F88: 500240 | G88: 26981.148
A89: s88 | B89: 339655.68 | C89: 5.8207661e-11 | D89: 231192 | E89: 2736115.2
A90: s89 | B90: 96192.096 | D90: 115315.2 | E90: 1048320 | F90: -2.910383e-11
A91: s90 | B91: 126846.72 | C91: 271440 | D91: 81900 | E91: 2490009.6 | F91: 393120 | G91: 91388.514
A92: s91 | B92: 24897.6 | C92: 76752 | D92: -2.910383e-11 | F92: 151351.2 | G92: 239051.87
A93: s92 | B93: -1.4551915e-11 | D93: 128494.08 | E93: 959462.4 | F93: 234474.24 | G93: 63007.914
A94: s93 | B94: 25459.2 | C94: 232960 | D94: 118976 | F94: 848484 | G94: 245171.85
A95: s94 | B95: 17244.864 | D95: 267540 | F95: 227026.8
A96: s95 | B96: 2.910383e-11 | D96: 75847.2 | F96: 296103.6 | G96: 29067.519
A97: s96 | B97: 10608 | C97: 18304 | D97: 39208 | E97: 1763756.8 | F97: 48214.4
A98: s97 | B98: 113568 | E98: 490048 | F98: 221644.8
A99: s98 | B99: 100339.2 | C99: 42120 | D99: 13104 | E99: 2774720 | F99: -1.1641532e-10
A100: s99 | B100: 161740.8 | C100: 365040 | D100: 382187.52 | E100: 1672070.4 | F100: 350859.6
...

Sheet OutdoorDetails
A1: s3 | B1: s9 | C1: s13 | D1: s16 | E1: s17 | F1: s18 | G1: s19 | H1: s20 | I1: s22 | J1: s23 | K1: s24 | L1: s27 | M1: s29 | N1: s34 | O1: s36 | P1: s38 | Q1: s41 | R1: s42 | S1: s43 | T1: s44 | U1: s45 | V1: s46 | W1: s50 | X1: s51 | Y1: s53 | Z1: s54 | AA1: s58 | AB1: s59 | AC1: s60 | AD1: s61 | AE1: s64 | AF1: s66 | AG1: s69 | AH1: s70 | AI1: s72 | AJ1: s74 | AK1: s77 | AL1: s78 | AM1: s79 | AN1: s80 | AO1: s81 | AP1: s82 | AQ1: s83 | AR1: s84 | AS1: s85 | AT1: s87 | AU1: s90 | AV1: s91 | AW1: s92 | AX1: s93 | AY1: s95 | AZ1: s100 | BA1: s102 | BB1: s105 | BC1: s106 | BD1: s108 | BE1: s109 | BF1: s110 | BG1: s113 | BH1: s114 | BI1: s115 | BJ1: s116 | BK1: s119 | BL1: s121 | BM1: s124 | BN1: s125 | BO1: s130 | BP1: s131 | BQ1: s133 | BR1: s134 | BS1: s135 | BT1: s136 | BU1: s137 | BV1: s140 | BW1: s142 | BX1: s143 | BY1: s144 | BZ1: s145 | CA1: s147 | CB1: s151 | CC1: s153 | CD1: s155 | CE1: s156 | CF1: s157 | CG1: s160 | CH1: s165 | CI1: s166 | CJ1: s171 | CK1: s173 | CL1: s174 | CM1: s175 | CN1: s179 | CO1: s180 | CP1: s184 | CQ1: s185 | CR1: s188 | CS1: s189 | CT1: s195 | CU1: s196 | CV1: s198 | CW1: s199 | CX1: s201 | CY1: s203 | CZ1: s204 | DA1: s205 | DB1: s207 | DC1: s208 | DD1: s209 | DE1: s210 | DF1: s215 | DG1: s216 | DH1: s219 | DI1: s220 | DJ1: s221 | DK1: s231 | DL1: s232 | DM1: s236 | DN1: s243 | DO1: s248
A2: 50371.628 | B2: 5997.4955 | C2: 40017.143 | D2: 85896.549 | E2: 56775.136 | F2: 49960.455 | G2: 31232.414 | H2: 204714.24 | I2: 37090.566 | J2: 155022.34 | K2: 49906.398 | L2: 42237.751 | M2: 28515.506 | N2: 113059.77 | O2: 293475.87 | P2: 79901.549 | Q2: 68963.714 | R2: 141738.59 | S2: 114343.56 | T2: 191729.87 | U2: 109943.52 | V2: 139011.9 | W2: 59083.973 | X2: 69615.296 | Y2: 164202.46 | Z2: 235423.81 | AA2: 259156 | AB2: 27721.736 | AC2: 80866.25 | AD2: 161735 | AE2: 16211.593 | AF2: 85918.405 | AG2: 424057.65 | AH2: 245128.08 | AI2: 96401.337 | AJ2: 246295.35 | AK2: 237546.51 | AL2: 60877.948 | AM2: 251138.87 | AN2: 46244.766 | AO2: 90662.409 | AP2: 39861.866 | AQ2: 161759.18 | AR2: 142840.84 | AS2: 26526.441 | AT2: 26981.148 | AU2: 91388.514 | AV2: 239051.87 | AW2: 63007.914 | AX2: 245171.85 | AY2: 29067.519 | AZ2: 49643.497 | BA2: 60226.499 | BB2: 17388.046 | BC2: 93477.512 | BD2: 253271.95 | BE2: 215905.5 | BF2: 360974.9 | BG2: 11399.863 | BH2: 211440.5 | BI2: 120596.52 | BJ2: 67184.143 | BK2: 195822.18 | BL2: 76746.641 | BM2: 99704.739 | BN2: 89394.954 | BO2: 71467.162 | BP2: 92088.789 | BQ2: 165544.92 | BR2: 156880.75 | BS2: 16406.385 | BT2: 18699.527 | BU2: 199899.74 | BV2: 50991.166 | BW2: 106281.87 | BX2: 52627.759 | BY2: 152366.46 | BZ2: 43147.172 | CA2: 110651.7 | CB2: 183114.63 | CC2: 60446.887 | CD2: 99091.916 | CE2: 141815.34 | CF2: 101039.77 | CG2: 253608.56 | CH2: 13526.99 | CI2: 39493.904 | CJ2: 176180.82 | CK2: 166099.23 | CL2: 74149.249 | CM2: 124550.7 | CN2: 138959.16 | CO2: 21096.89 | CP2: 114476.81 | CQ2: 220682.52 | CR2: 366569.38 | CS2: 14167.466 | CT2: 160047.13 | CU2: 37964.293 | CV2: 24759.448 | CW2: 298760.07 | CX2: 85732.543 | CY2: 165893.77 | CZ2: 82063.102 | DA2: 117787.2 | DB2: 132859.62 | DC2: 288242.43 | DD2: 20135.706 | DE2: 122098.98 | DF2: 180835.36 | DG2: 111399.14 | DH2: 106499.63 | DI2: 361734.52 | DJ2: 75552.119 | DK2: 200015.35 | DL2: 127918.46 | DM2: 91072.809 | DN2: 121638.31 | DO2: 140062.95

Sheet WaterBefore
B1: Shower | C1: Toilet | D1: Faucets | E1: Laundry | F1: Dishwasher | G1: Outdoor
A2: s1 | B2: 144144 | C2: 1370928 | D2: 92664 | E2: 4384640 | F2: 1522560 | G2: 575606.92
A3: s2 | B3: 53508 | C3: 817689.6 | D3: 230630.4 | E3: 1726452 | F3: 359704.8 | G3: 434371.21
A4: s3 | B4: 6552 | C4: 103833.6 | D4: 5491.2 | E4: 174096 | F4: 314662.4 | G4: 79044.275
A5: s4 | B5: 191100 | C5: 56784 | D5: 148720 | E5: 806000 | F5: 507520 | G5: 458366.07
A6: s5 | B6: 85176 | C6: 18928 | D6: 57657.6 | E6: 619008 | F6: 62805.6 | G6: 139331.13
A7: s6 | B7: 110838 | C7: 548912 | D7: 243443.2 | E7: 1308944 | F7: 2131584 | G7: 227254.48
A8: s7 | B8: 943488 | C8: 11897.6 | D8: 109824 | E8: 1276704 | F8: 1682428.8 | G8: 178697.51
A9: s8 | B9: 110838 | C9: 37180 | D9: 401544 | E9: 1869920 | F9: 190320 | G9: 410929.23
A10: s9 | B10: 27518.4 | C10: 170352 | D10: 3203.2 | E10: 212784 | F10: 196664 | G10: 27970.808
A11: s10 | B11: 172972.8 | C11: 231192 | D11: 18304 | E11: 1450800 | F11: 41870.4 | G11: 98607.279
A12: s11 | B12: 39312 | C12: 174137.6 | D12: 70012.8 | E12: 1740960 | F12: 96428.8 | G12: 186781.5
A13: s12 | B13: 247665.6 | C13: 42588 | D13: 799999.2 | E13: 2103660 | F13: 1918425.6 | G13: 479193.67
... A251: s250 | B251: 129292.8 | C251: 150883.2 | D251: 112112 | E251: 128960 | F251: 380640 | G251: 91496.215

Sheet WaterAfter
B1: Shower | C1: Toilet | D1: Faucets | E1: Laundry | F1: Dishwasher | G1: Outdoor
A2: s1 | B2: 65208 | C2: 1370928 | D2: 55598.4 | E2: 4384640 | F2: 1522560 | G2: 575606.92
A3: s2 | B3: 53508 | C3: 817689.6 | D3: 157248 | E3: 723996 | F3: 235872 | G3: 434371.21
A4: s3 | B4: 3931.2 | C4: 103833.6 | D4: 3294.72 | E4: 73008 | F4: 314662.4 | G4: 28672.648
A5: s4 | B5: 191100 | C5: 34944 | D5: 89232 | E5: 338000 | F5: 304512 | G5: 458366.07
A6: s5 | B6: 85176 | C6: 18928 | D6: 57657.6 | E6: 259584 | F6: 62805.6 | G6: 139331.13
A7: s6 | B7: 61916.4 | C7: 337792 | D7: 165984 | E7: 1308944 | F7: 2131584 | G7: 227254.48
A8: s7 | B8: 943488 | C8: 11897.6 | D8: 65894.4 | E8: 535392 | F8: 1009457.3 | G8: 178697.51
A9: s8 | B9: 47502 | C9: 37180 | D9: 240926.4 | E9: 784160 | F9: 114192 | G9: 410929.23
A10: s9 | C10: 104832 | D10: 1921.92 | E10: 89232 | F10: 128960 | G10: 21973.312
A11: s10 | B11: 103783.68 | C11: 231192 | D11: 10982.4 | E11: 365040 | F11: 25122.24 | G11: 98607.279
A12: s11 | B12: 16848 | C12: 174137.6 | D12: 28641.6 | E12: 1740960 | F12: 96428.8 | G12: 186781.5
A13: s12 | B13: 106142.4 | C13: 26208 | D13: 327272.4 | E13: 1262196 | F13: 1918425.6 | G13: 479193.67
A14: s13 | B14: 1441.44 | C14: 232003.2 | D14: 51480 | E14: 189280 | F14: 268736 | G14: 19255.817
A15: s14 | B15: 383292 | C15: 109824 | D15: 123552 | E15: 6615648 | F15: 754936 | G15: 720407.38
A16: s15 | B16: 34398 | C16: 99008 | D16: 331531.2 | E16: 868795.2 | F16: 77269.92 | G16: 497663.69
A17: s16 | B17: 9828 | C17: 249849.6 | D17: 16473.6 | E17: 1149876 | F17: 575527.68 | G17: 120945.02
A18: s17 | C18: 873392 | D18: 224640 | E18: 4461600 | F18: 570960 | G18: 156068.99
A19: s18 | B19: 2882.88 | C19: 153753.6 | D19: 151282.56 | E19: 3191760 | F19: 128128 | G19: 47782.95
A20: s19 | B20: 53944.8 | C20: 2704 | D20: 20134.4 | E20: 38688 | F20: 106579.2 | G20: 30722.578
A21: s20 | B21: 106142.4 | C21: 389376 | D21: 135907.2 | E21: 4258800 | F21: 305510.4 | G21: 120766.83
A22: s21 | B22: 324717.12 | C22: 183705.6 | D22: 37065.6 | E22: 613267.2 | F22: 411091.2 | G22: 370514.76
A23: s22 | B23: 19712.16 | C23: 45427.2 | D23: 2471.04 | E23: 147232.8 | F23: 94723.2 | G23: 138299.28
A24: s23 | B24: 246402 | C24: 52322.4 | D24: 44226 | E24: 2496873.6 | F24: 145594.8 | G24: 129731.99
A25: s24 | B25: 207916.8 | C25: 12979.2 | D25: 58125.6 | E25: 866611.2 | F25: 127895.04 | G25: 34188.542
A26: s25 | B26: 58968 | C26: 20550.4 | D26: 109824 | E26: 416416 | F26: 116729.6 | G26: 120266.92
A27: s26 | B27: 3223.584 | C27: 136281.6 | D27: 189446.4 | E27: 870480 | F27: 343200 | G27: 71477.465
A28: s27 | B28: 14236.56 | C28: 442915.2 | D28: 35380.8 | E28: 37720.8 | F28: 17128.8 | G28: 44004.842
A29: s28 | B29: 402948 | C29: 152755.2 | D29: 203037.12 | E29: 2299752 | F29: 165984 | G29: 223820.68
A30: s29 | B30: 32104.8 | C30: 8112 | D30: 59716.8 | E30: 703040 | F30: 193174.8 | G30: 50866.936
... A97: s96 | B97: 21060 | C97: 29286.4 | D97: 27144 | E97: 592987.2 | F97: 72321.6 | G97: 114327.24
A98: s97 | C98: 533228.8 | D98: 9152 | E98: 735072 | F98: 143769.6 | G98: 228870.19
A99: s98 | B99: 63460.8 | C99: 67392 | D99: 28080 | E99: 932880 | F99: 802516 | G99: 278024.07
A100: s99 | B100: 152755.2 | C100: 584064 | D100: 573281.28 | E100: 562161.6 | F100: 668304 | G100: 563633.45
A101: s100 | B101: 459950.4 | C101: 186368 | D101: 107078.4 | E101: 1335776 | F101: 267209.28 | G101: 165380.9
A102: s101 | B102: 78624 | C102: 220646.4 | D102: 9266.4 | E102: 1410177.6 | F102: 298041.12 | G102: 245198.21
A103: s102 | B103: 5110.56 | C103: 34944 | D103: 88957.44 | E103: 210912 | F103: 380830.32 | G103: 37584.484
A104: s103 | B104: 204422.4 | C104: 53913.6 | D104: 28080 | E104: 677040 | F104: 50244.48 | G104: 254166.5
A105: s104 | B105: 402948 | C105: 239616 | D105: 98280 | E105: 2978976 | F105: 1064960 | G105: 646141.66
A106: s105 | B106: 95550 | C106: 7030.4 | D106: 31636.8 | E106: 64480 | F106: 183040 | G106: 63445.904
A107: s106 | B107: 11306.88 | C107: 283920 | D107: 140940.8 | E107: 496454.4 | F107: 266448 | G107: 231466.58
A108: s107 | B108: 7918.56 | C108: 200345.6 | D108: 19219.2 | E108: 54080 | F108: 371124 | G108: 155200.68
A109: s108 | C109: 227136 | D109: 160160 | E109: 1561560 | F109: 1478786.4 | G109: 172927.43
A110: s109 | B110: 67392 | C110: 149760 | D110: 224640 | E110: 2998320 | F110: 65089.44 | G110: 243273
A111: s110 | B111: 122915.52 | C111: 698880 | D111: 339300 | E111: 1277640 | F111: 113568 | G111: 323811
A112: s111 | B112: 214643.52 | C112: 963705.6 | D112: 679536 | E112: 11107325 | F112: 786240 | G112: 511855.86
A113: s112 | B113: 49795.2 | C113: 98425.6 | D113: 38937.6 | E113: 1682928 | F113: 452608 | G113: 239016.93
A114: s113 | B114: 3912.48 | C114: 27456 | D114: 54756 | E114: 748612.8 | F114: 37112.4 | G114: 29056.454
A115: s114 | B115: 67392 | C115: 161075.2 | D115: 153204.48 | E115: 2530944 | F115: 1192164.5 | G115: 128755.41
A116: s115 | B116: 117936 | C116: 162240 | D116: 189446.4 | E116: 4642560 | F116: 666120 | G116: 259910.6
A117: s116 | B117: 405699.84 | C117: 956134.4 | D117: 61776 | E117: 6770400 | F117: 50244.48 | G117: 100647.91
A118: s117 | B118: 87360 | C118: 372736 | D118: 44928 | E118: 778752 | F118: 104832 | G118: 231146.38
A119: s118 | C119: 78624 | D119: 247104 | E119: 861775.2 | F119: 275773.68 | G119: 193341.72
A120: s119 | B120: 164520.72 | C120: 54756 | D120: 52509.6 | E120: 4818528 | F120: 91728 | G120: 269147.51
A121: s120 | B121: 200928 | C121: 86528 | D121: 93600 | E121: 1508832 | F121: 222040 | G121: 316033.29
A122: s121 | B122: 64022.4 | C122: 590553.6 | D122: 19768.32 | E122: 1617158.4 | F122: 380640 | G122: 82087.489
A123: s122 | B123: 144471.6 | C123: 362419.2 | D123: 29062.8 | E123: 14493492 | F123: 822182.4 | G123: 626331.35
A124: s123 | C124: 202342.4 | D124: 322150.4 | E124: 1617158.4 | F124: 1027728 | G124: 257448.07
A125: s124 | B125: 186950.4 | C125: 415334.4 | D125: 333864.96 | E125: 2044224 | F125: 1447680 | G125: 241343.37
A126: s125 | B126: 141373.44 | C126: 404518.4 | D126: 487618.56 | E126: 1765171.2 | F126: 164436.48 | G126: 145078.43
A127: s126 | B127: 10483.2 | C127: 45760 | D127: 720720 | E127: 3853200 | F127: 602680 | G127: 298318.7
A128: s127 | B128: 16380 | C128: 1333072 | D128: 91291.2 | E128: 202800 | F128: 1004640 | G128: 419636.44
A129: s128 | B129: 24897.6 | C129: 369096 | D129: 44616 | E129: 273780 | F129: 346382.4 | G129: 196775.72
A130: s129 | B130: 65520 | C130: 599040 | D130: 295152 | E130: 7795632 | F130: 1941264 | G130: 755226.14
A131: s130 | B131: 176436 | C131: 121305.6 | D131: 6589.44 | E131: 2187806.4 | F131: 74224.8 | G131: 158460.36
A132: s131 | B132: 56019.6 | C132: 118809.6 | D132: 290690.4 | E132: 1611355.2 | F132: 421876 | G132: 133641.53
A133: s132 | B133: 45427.2 | C133: 44928 | D133: 48750 | E133: 1063920 | F133: 4377.36 | G133: 70528.266
A134: s133 | B134: 766584 | C134: 74880 | D134: 56160 | E134: 3078504 | F134: 561600 | G134: 126970.57
A135: s134 | B135: 524160 | C135: 719264 | D135: 288288 | E135: 6543680 | F135: 586185.6 | G135: 105139.41
A136: s135 | B136: 114987.6 | C136: 399110.4 | D136: 88957.44 | E136: 870480 | F136: 539557.2 | G136: 49963.149
... A159: s158 | B159: 27597.024 | C159: 279052.8 | D159: 5559.84 | E159: 311500.8 | F159: 194688 | G159: 105943.67
A160: s159 | C160: 275808 | D160: 111384 | E160: 2695264 | F160: 60902.4 | G160: 288468.57
A161: s160 | B161: 29062.8 | C161: 503193.6 | D161: 44928 | E161: 2117232 | F161: 462477.6 | G161: 205528.16
A162: s161 | B162: 9828 | C162: 104832 | D162: 281424 | E162: 205233.6 | F162: 154539.84 | G162: 81340.094
A163: s162 | B163: 28828.8 | C163: 68952 | D163: 71136 | E163: 3430336 | F163: 87547.2 | G163: 91648.184
A164: s163 | B164: 181209.6 | C164: 118976 | D164: 467301.12 | E164: 324979.2 | F164: 494832 | G164: 645681.98
A165: s164 | B165: 43754.256 | C165: 68140.8 | D165: 90417.6 | E165: 510681.6 | F165: 758160 | G165: 188839.46
A166: s165 | B166: 75504 | C166: 103833.6 | D166: 35006.4 | E166: 36753.6 | F166: 39967.2 | G166: 26686.962
A167: s166 | B167: 5690.88 | C167: 60403.2 | D167: 67953.6 | E167: 100588.8 | F167: 104866.32 | G167: 30016.364
A168: s167 | B168: 47436.48 | C168: 16224 | D168: 24336 | E168: 894660 | F168: 111654.4 | G168: 54265.895
A169: s168 | B169: 10857.6 | C169: 31116.8 | D169: 18304 | E169: 365851.2 | F169: 114192 | G169: 89832.002
A170: s169 | B170: 16248.96 | C170: 25292.8 | D170: 12812.8 | E170: 89232 | F170: 94348.8 | G170: 117054.69
A171: s170 | B171: 334414.08 | C171: 219648 | D171: 62599.68 | E171: 283920 | F171: 335462.4 | G171: 233112.89
A172: s171 | B172: 226512 | C172: 467251.2 | D172: 16848 | E172: 1624896 | F172: 389376 | G172: 278404.79
... A251: s250 | B251: 129292.8 | C251: 150883.2 | D251: 67267.2 | E251: 77376 | F251: 228384 | G251: 91496.215

Sheet LongTermActions
B1: LowFlowShower | C1: LowFLowToilet | D1: AeratorFaucet | E1: HELaundry | F1: HEDishwasher
A2: s1 | B2: 1
A3: s2 | D3: 1 | E3: 1 | F3: 1
A4: s3 | E4: 1
A5: s4 | C5: 1 | E5: 1
A6: s5 | E6: 1
A7: s6 | C7: 1 | D7: 1
A8: s7 | C8: 5.56509e-15 | E8: 1
A9: s8 | B9: 1 | E9: 1
A10: s9 | C10: 1 | E10: 1 | F10: 1
A11: s10 | E11: 1
A12: s11 | B12: 1 | D12: 1
A13: s12 | B13: 1 | C13: 1 | D13: 1
A14: s13 | D14: 1 | E14: 1 | F14: 1
A15: s14 | C15: 1
A16: s15 | B16: 1 | C16: 1 | E16: 1
A17: s16 | E17: 1
A18: s17 | D18: 1 | E18: 1
A19: s18 | C19: 1 | F19: 1
A20: s19 | B20: 1 | D20: 1.1357326e-15
A21: s20 | B21: 1 | C21: 1 | E21: 1 | F21: 1
A22: s21 | C22: 1 | E22: 1
A23: s22 | B23: 1 | C23: 1 | E23: 1 | F23: 1
A24: s23 | B24: 1 | D24: 1 | E24: 1
A25: s24 | D25: 1
A26: s25 | B26: 1 | E26: 1
A27: s26 | F27: 1
A28: s27 | B28: 1 | D28: 1
A29: s28 | C29: 1 | E29: 1 | F29: 1
A30: s29 | C30: 5.8300942e-16 | E30: 1
A31: s30 | B31: 1 | D31: 1 | E31: 1 | F31: 1
A32: s31 | B32: 1 | F32: 1
A33: s32 | B33: 1 | E33: 1 | F33: 1
A34: s33 | B34: 1 | C34: 1
A35: s34 | E35: 1
A36: s35 | B36: 1 | D36: 1 | F36: 1
A37: s36 | E37: 1 | F37: 1
A38: s37 | B38: 1 | E38: 1
A39: s38 | C39: 1 | E39: 1
A40: s39 | B40: 1 | F40: 1
A41: s40 | C41: 1 | D41: 1 | E41: 1
A42: s41 | B42: 1 | C42: 1 | D42: 1 | E42: 1 | F42: 1
A43: s42 | F43: 1
A44: s43 | B44: 1
A45: s44 | C45: 1 | E45: 1
A46: s45 | C46: 1 | E46: 1
A47: s46 | C47: 1 | E47: 1 | F47: 1
A48: s47 | C48: 1 | D48: 1 | E48: 1
A49: s48 | C49: 1
A50: s49 | B50: 1 | F50: 1
A51: s50 | C51: 1 | D51: 1 | E51: 1
A52: s51 | C52: 1 | F52: 1
A53: s52 | B53: 1 | E53: 1
A54: s53 | C54: 1 | D54: 1 | E54: 1 | F54: 1
A55: s54 | C55: 1 | D55: 1 | E55: 1
A56: s55 | C56: 1 | D56: 1 | E56: 1
A57: s56 | B57: 1 | D57: 1
A58: s57 | D58: 1 | E58: 1 | F58: 1
A59: s58 | D59: 1 | E59: 1 | F59: 1
A60: s59 | D60: 1
A61: s60 | B61: 1 | C61: 1 | F61: 1
A62: s61 | E62: 1
A63: s62 | C63: 1
A64: s63 | E64: 1 | F64: 1
A65: s64 | B65: 1 | E65: 1 | F65: 1
A66: s65 | B66: 1 | C66: 1 | D66: 1 | E66: 1
A67: s66 | C67: 1 | E67: 1
A68: s67 | C68: 1 | E68: 1
A69: s68 | C69: 1 | D69: 1
A70: s69 | F70: 1
A71: s70 | B71: 1 | C71: 1
A72: s71 | B72: 1 | D72: 1 | F72: 1
A73: s72 | B73: 1 | C73: 1 | F73: 1
A74: s73 | D74: 1 | E74: 1 | F74: 1
A75: s74 | C75: 1 | D75: 1 | E75: 1 | F75: 1
A76: s75 | B76: 1 | C76: 5.8300942e-16
A77: s76 | B77: 1 | D77: 1 | E77: 1 | F77: 1
A78: s77 | F78: 1
A79: s78 | C79: 1 | F79: 1
A80: s79 | D80: 1 | F80: 1
A81: s80 | E81: 1
A82: s81 | B82: 1 | C82: 1
A83: s82 | C83: 1 | E83: 1
A84: s83 | F84: 1
A85: s84 | B85: 1 | C85: 1 | D85: 1 | E85: 1 | F85: 1
A86: s86 | B86: 1 | E86: 1 | F86: 1
A87: s87 | B87: 1 | C87: 1 | D87: 1 | E87: 1 | F87: 1
A88: s88 | B88: 1 | D88: 1 | E88: 1
A89: s89 | E89: 1
A90: s90 | C90: 1 | D90: 1 | E90: 1 | F90: 1
A91: s91 | B91: 1 | C91: 1 | F91: 1
A92: s93 | B92: 1 | C92: 1 | D92: 1 | F92: 1
A93: s94 | D93: 1 | F93: 1
A94: s95 | D94: 1 | F94: 1
A95: s96 | B95: 1 | C95: 1 | D95: 1 | E95: 1
A96: s97 | F96: 1
A97: s98 | B97: 1 | C97: 1 | D97: 1 | E97: 1
A98: s99 | B98: 1 | C98: 1 | E98: 1 | F98: 1
A99: s100 | C99: 1 | E99: 1
A100: s102 | B100: 1 | C100: 1 | E100: 1
...

Sheet ShortTermActions
B1: ShortShowers | C1: LessShowers | D1: LessFaucet | E1: LessLaundry | F1: LessDishLoads
A2: s1 | B2: 4.4 | D2: 1.2
A3: s3 | C3: 0.4 | D3: 1.2
A4: s4 | D4: 4 | F4: 4
A5: s6 | B5: 2 | C5: 2
A6: s7 | D6: 2.4 | F6: 6.8
A7: s8 | C7: 11.6 | D7: 7.2 | F7: 8
A8: s9 | B8: 11.2 | C8: 11.2 | D8: 0.4
A9: s10 | C9: 9.6 | D9: 0.8 | E9: 6 | F9: 0.8
A10: s11 | C10: 2 | D10: 3.6
A11: s12 | C11: 11.2 | D11: 8.4 | E11: 11.6
A12: s13 | C12: 0.4 | D12: 8.8
A13: s14 | D13: 1.6 | E13: 7.2
A14: s15 | C14: 2 | E14: 3.6 | F14: 0.8
A15: s16 | B15: 6 | D15: 6.4 | E15: 10.8 | F15: 9.6
A16: s17 | B16: 6
A17: s18 | B17: 4.4 | D17: 11.6
A18: s19 | B18: 7.6
A19: s20 | C19: 4.8 | F19: 6.4
A20: s21 | B20: 5.6 | E20: 2.4 | F20: 8
A21: s22 | B21: 7.2 | C21: 7.2 | D21: 0.8 | E21: 4.4 | F21: 4.4
A22: s23 | E22: 7.2 | F22: 6.8
A23: s24 | D23: 10.8 | E23: 5.6 | F23: 5.6
A24: s26 | B24: 0.8 | C24: 0.8 | E24: 12
A25: s27 | B25: 1.2 | C25: 1.2 | D25: 5.6 | E25: 0.4 | F25: 2
A26: s28 | C26: 10 | D26: 11.6 | E26: 8.4
A27: s29 | D27: 11.6 | F27: 11.6
A28: s30 | B28: 11.6 | C28: 11.6 | D28: 10.8 | E28: 10.8 | F28: 11.6
A29: s31 | B29: 11.6 | D29: 9.2
A30: s32 | D30: 7.2 | E30: 7.2 | F30: 7.6
A31: s33 | C31: 8 | D31: 7.2 | E31: 7.6
A32: s35 | B32: 4.4
A33: s36 | B33: 3.6 | C33: 3.6 | E33: 7.2
A34: s37 | C34: 11.6 | F34: 0.8
A35: s38 | C35: 7.2 | D35: 1.2
A36: s39 | C36: 11.2 | D36: 9.2 | E36: 8.4 | F36: 6.4
A37: s40 | D37: 12 | F37: 1.6
A38: s41 | C38: 1.6 | D38: 11.6 | F38: 4.4
A39: s42 | B39: 3.6 | E39: 10.8 | F39: 2.8
A40: s43 | B40: 1.2 | C40: 1.2 | D40: 6.8 | F40: 6.8
A41: s44 | B41: 9.6 | C41: 9.6 | E41: 9.2
A42: s45 | C42: 9.2 | E42: 7.6
A43: s46 | C43: 4 | D43: 2.4 | F43: 1.6
A44: s47 | F44: 1.6
A45: s48 | C45: 8.8
A46: s49 | B46: 7.6 | D46: 1.6 | F46: 8.8
A47: s50 | B47: 11.2 | D47: 8 | E47: 1.2
A48: s51 | B48: 4.8 | D48: 3.6 | E48: 9.2
A49: s52 | B49: 0.4 | C49: 0.4 | D49: 4.4 | F49: 3.2
A50: s53 | B50: 7.6 | C50: 7.6
A51: s54 | D51: 10.4 | E51: 3.6
A52: s55 | B52: 2.8 | C52: 2.8 | D52: 7.2
A53: s56 | C53: 0.8 | F53: 3.2
A54: s57 | B54: 6.4 | C54: 6.4 | E54: 0.8
A55: s58 | C55: 0.8 | D55: 7.2
A56: s59 | B56: 11.6 | E56: 11.6
A57: s60 | E57: 9.6 | F57: 7.2
A58: s61 | B58: 1.2 | C58: 1.2 | F58: 3.2
A59: s62 | B59: 6.4 | D59: 3.2 | E59: 8.4
A60: s63 | D60: 8.8 | E60: 10.4 | F60: 8.4
A61: s64 | C61: 8 | D61: 7.2 | E61: 8.8
A62: s65 | F62: 5.2
A63: s66 | B63: 1.6 | E63: 10.4
A64: s67 | B64: 9.6 | C64: 9.6 | F64: 7.2
A65: s68 | E65: 5.6
A66: s69 | B66: 10 | D66: 0.8
A67: s70 | B67: 4.4 | C67: 4.4
A68: s71 | B68: 11.2 | E68: 0.4
A69: s72 | D69: 6.8 | E69: 1.2 | F69: 3.6
A70: s73 | B70: 1.2 | C70: 1.2 | F70: 11.2
A71: s74 | C71: 4.8 | E71: 8.4
A72: s75 | D72: 5.6 | E72: 8.4 | F72: 0.8
A73: s76 | B73: 3.2 | C73: 3.2
A74: s77 | B74: 0.4
A75: s78 | B75: 4
A76: s79 | B76: 11.2 | D76: 7.2 | F76: 5.2
A77: s80 | D77: 2.8 | F77: 9.6
A78: s81 | E78: 2
A79: s82 | C79: 8.4 | D79: 0.8 | E79: 6 | F79: 6
A80: s83 | B80: 8.4 | C80: 8.4 | D80: 0.8
A81: s84 | C81: 2.4 | E81: 2 | F81: 6.4
A82: s85 | C82: 1.6 | F82: 11.6
A83: s86 | B83: 8 | C83: 8 | F83: 10
A84: s87 | D84: 4 | F84: 10
A85: s88 | B85: 5.6 | C85: 5.6 | D85: 7.6 | E85: 11.2
A86: s89 | B86: 4.4 | C86: 4.4 | D86: 8
A87: s90 | B87: 8.8 | E87: 3.2
A88: s92 | D88: 4.8 | E88: 3.2 | F88: 5.6
A89: s93 | B89: 1.6 | C89: 1.6 | D89: 6.4
A90: s94 | B90: 1.2 | C90: 1.2
A91: s95 | D91: 8.8 | F91: 7.6
A92: s96 | B92: 2 | D92: 11.6 | E92: 6.8 | F92: 2
A93: s97 | B93: 10.4 | E93: 2 | F93: 6.4
A94: s98 | B94: 2.4 | C94: 2.4 | E94: 4
A95: s99 | B95: 6.4 | D95: 11.6 | E95: 2.8
A96: s100 | D96: 12 | F96: 3.6
A97: s101 | B97: 12 | E97: 10.8 | F97: 11.6
A98: s102 | B98: 5.2 | C98: 5.2 | D98: 10.8 | F98: 11.6
A99: s103 | C99: 8 | D99: 10 | F99: 1.2
A100: s104 | C100: 8.4 | D100: 5.6 | E100: 8.8
...

Sheet WillingLong
B1: LowFlowShower | C1: LowFLowToilet | D1: AeratorFaucet | E1: HELaundry | F1: HEDishwasher
A2: s1 | B2: 1
A3: s2 | D3: 1 | E3: 1 | F3: 1
A4: s3 | E4: 1
A5: s4 | C5: 1 | E5: 1
A6: s5 | E6: 1 | F6: 1
A7: s6 | C7: 1 | D7: 1
A8: s7 | C8: 1 | E8: 1
A9: s8 | B9: 1 | E9: 1 | F9: 1
A10: s9 | C10: 1 | D10: 1 | E10: 1 | F10: 1
A11: s10 | D11: 1 | E11: 1 | F11: 1
A12: s11 | B12: 1 | D12: 1
A13: s12 | B13: 1 | C13: 1 | D13: 1
A14: s13 | D14: 1 | E14: 1 | F14: 1
A15: s14 | C15: 1
A16: s15 | B16: 1 | C16: 1 | E16: 1
A17: s16 | D17: 1 | E17: 1
A18: s17 | B18: 1 | D18: 1 | E18: 1
A19: s18 | B19: 1 | C19: 1 | F19: 1
A20: s19 | B20: 1 | D20: 1 | F20: 1
A21: s20 | B21: 1 | C21: 1 | E21: 1 | F21: 1
A22: s21 | C22: 1 | E22: 1
A23: s22 | B23: 1 | C23: 1 | D23: 1 | E23: 1 | F23: 1
A24: s23 | B24: 1 | D24: 1 | E24: 1
A25: s24 | C25: 1 | D25: 1
A26: s25 | B26: 1 | E26: 1
A27: s26 | F27: 1
A28: s27 | B28: 1 | D28: 1 | E28: 1
A29: s28 | C29: 1 | E29: 1 | F29: 1
A30: s29 | C30: 1 | E30: 1
A31: s30 | B31: 1 | D31: 1 | E31: 1 | F31: 1
A32: s31 | B32: 1 | F32: 1
A33: s32 | B33: 1 | E33: 1 | F33: 1
A34: s33 | B34: 1 | C34: 1 | F34: 1
A35: s34 | E35: 1
A36: s35 | B36: 1 | D36: 1 | F36: 1
A37: s36 | E37: 1 | F37: 1
A38: s37 | B38: 1 | E38: 1
A39: s38 | C39: 1 | E39: 1
A40: s39 | B40: 1 | F40: 1
A41: s40 | C41: 1 | D41: 1 | E41: 1
A42: s41 | B42: 1 | C42: 1 | D42: 1 | E42: 1 | F42: 1
A43: s42 | F43: 1
A44: s43 | B44: 1 | F44: 1
A45: s44 | C45: 1 | E45: 1
A46: s45 | C46: 1 | E46: 1
A47: s46 | C47: 1 | D47: 1 | E47: 1 | F47: 1
A48: s47 | C48: 1 | D48: 1 | E48: 1 | F48: 1
A49: s48 | C49: 1
A50: s49 | B50: 1 | F50: 1
A51: s50 | C51: 1 | D51: 1 | E51: 1
A52: s51 | C52: 1 | F52: 1
A53: s52 | B53: 1 | E53: 1 | F53: 1
A54: s53 | C54: 1 | D54: 1 | E54: 1 | F54: 1
A55: s54 | C55: 1 | D55: 1 | E55: 1
A56: s55 | C56: 1 | D56: 1 | E56: 1
A57: s56 | B57: 1 | D57: 1
A58: s57 | D58: 1 | E58: 1 | F58: 1
A59: s58 | D59: 1 | E59: 1 | F59: 1
A60: s59 | D60: 1
A61: s60 | B61: 1 | C61: 1 | F61: 1
A62: s61 | E62: 1
A63: s62 | C63: 1
A64: s63 | E64: 1 | F64: 1
A65: s64 | B65: 1 | E65: 1 | F65: 1
A66: s65 | B66: 1 | C66: 1 | D66: 1 | E66: 1
A67: s66 | C67: 1 | E67: 1 | F67: 1
A68: s67 | C68: 1 | E68: 1
A69: s68 | C69: 1 | D69: 1
A70: s69 | F70: 1
A71: s70 | B71: 1 | C71: 1
A72: s71 | B72: 1 | D72: 1 | F72: 1
A73: s72 | B73: 1 | C73: 1 | F73: 1
A74: s73 | D74: 1 | E74: 1 | F74: 1
A75: s74 | C75: 1 | D75: 1 | E75: 1 | F75: 1
A76: s75 | B76: 1 | C76: 1 | F76: 1
A77: s76 | B77: 1 | D77: 1 | E77: 1 | F77: 1
A78: s77 | F78: 1
A79: s78 | C79: 1 | F79: 1
A80: s79 | D80: 1 | F80: 1
A81: s80 | E81: 1
A82: s81 | B82: 1 | C82: 1
A83: s82 | C83: 1 | E83: 1
A84: s83 | F84: 1
A85: s84 | B85: 1 | C85: 1 | D85: 1 | E85: 1 | F85: 1
A86: s85 | B86: 1
A87: s86 | B87: 1 | E87: 1 | F87: 1
A88: s87 | B88: 1 | C88: 1 | D88: 1 | E88: 1 | F88: 1
A89: s88 | B89: 1 | D89: 1 | E89: 1
A90: s89 | E90: 1
A91: s90 | C91: 1 | D91: 1 | E91: 1 | F91: 1
A92: s91 | B92: 1 | C92: 1 | F92: 1
A93: s93 | B93: 1 | C93: 1 | D93: 1 | F93: 1
A94: s94 | D94: 1 | F94: 1
A95: s95 | D95: 1 | F95: 1
A96: s96 | B96: 1 | C96: 1 | D96: 1 | E96: 1
A97: s97 | B97: 1 | D97: 1 | F97: 1
A98: s98 | B98: 1 | C98: 1 | D98: 1 | E98: 1
A99: s99 | B99: 1 | C99: 1 | E99: 1 | F99: 1
A100: s100 | C100: 1 | E100: 1
...

Sheet WillingShort
B1: ShortShowers | C1: LessShowers | D1: LessFaucet | E1: LessLaundry | F1: LessDishLoads
A2: s1 | B2: 1 | D2: 1
A3: s3 | C3: 1 | D3: 1
A4: s4 | D4: 1 | F4: 1
A5: s6 | B5: 1 | C5: 1
A6: s7 | D6: 1 | F6: 1
A7: s8 | C7: 1 | D7: 1 | F7: 1
A8: s9 | B8: 1 | C8: 1 | D8: 1
A9: s10 | C9: 1 | D9: 1 | E9: 1 | F9: 1
A10: s11 | C10: 1 | D10: 1
A11: s12 | C11: 1 | D11: 1 | E11: 1
A12: s13 | C12: 1 | D12: 1
A13: s14 | D13: 1 | E13: 1
A14: s15 | C14: 1 | E14: 1 | F14: 1
A15: s16 | B15: 1 | D15: 1 | E15: 1 | F15: 1
A16: s17 | B16: 1
A17: s18 | B17: 1 | D17: 1
A18: s19 | B18: 1
A19: s20 | C19: 1 | F19: 1
A20: s21 | B20: 1 | E20: 1 | F20: 1
A21: s22 | B21: 1 | C21: 1 | D21: 1 | E21: 1 | F21: 1
A22: s23 | E22: 1 | F22: 1
A23: s24 | D23: 1 | E23: 1 | F23: 1
A24: s26 | B24: 1 | C24: 1 | E24: 1
A25: s27 | B25: 1 | C25: 1 | D25: 1 | E25: 1 | F25: 1
A26: s28 | C26: 1 | D26: 1 | E26: 1
A27: s29 | D27: 1 | F27: 1
A28: s30 | B28: 1 | C28: 1 | D28: 1 | E28: 1 | F28: 1
A29: s31 | B29: 1 | D29: 1
A30: s32 | D30: 1 | E30: 1 | F30: 1
A31: s33 | C31: 1 | D31: 1 | E31: 1
A32: s35 | B32: 1
A33: s36 | B33: 1 | C33: 1 | E33: 1
A34: s37 | C34: 1 | F34: 1
A35: s38 | C35: 1 | D35: 1
A36: s39 | C36: 1 | D36: 1 | E36: 1 | F36: 1
A37: s40 | D37: 1 | F37: 1
A38: s41 | C38: 1 | D38: 1 | F38: 1
A39: s42 | B39: 1 | E39: 1 | F39: 1
A40: s43 | B40: 1 | C40: 1 | D40: 1 | F40: 1
A41: s44 | B41: 1 | C41: 1 | E41: 1
A42: s45 | C42: 1 | E42: 1
A43: s46 | C43: 1 | D43: 1 | F43: 1
A44: s47 | F44: 1
A45: s48 | C45: 1
A46: s49 | B46: 1 | D46: 1 | F46: 1
A47: s50 | B47: 1 | D47: 1 | E47: 1
A48: s51 | B48: 1 | D48: 1 | E48: 1
A49: s52 | B49: 1 | C49: 1 | D49: 1 | F49: 1
A50: s53 | B50: 1 | C50: 1
A51: s54 | D51: 1 | E51: 1
A52: s55 | B52: 1 | C52: 1 | D52: 1
A53: s56 | C53: 1 | F53: 1
A54: s57 | B54: 1 | C54: 1 | E54: 1
A55: s58 | C55: 1 | D55: 1
A56: s59 | B56: 1 | E56: 1
A57: s60 | E57: 1 | F57: 1
A58: s61 | B58: 1 | C58: 1 | F58: 1
A59: s62 | B59: 1 | D59: 1 | E59: 1
A60: s63 | D60: 1 | E60: 1 | F60: 1
A61: s64 | C61: 1 | D61: 1 | E61: 1
A62: s65 | F62: 1
A63: s66 | B63: 1 | E63: 1
A64: s67 | B64: 1 | C64: 1 | F64: 1
A65: s68 | E65: 1
A66: s69 | B66: 1 | D66: 1
A67: s70 | B67: 1 | C67: 1
A68: s71 | B68: 1 | E68: 1
A69: s72 | D69: 1 | E69: 1 | F69: 1
A70: s73 | B70: 1 | C70: 1 | F70: 1
A71: s74 | C71: 1 | E71: 1
A72: s75 | D72: 1 | E72: 1 | F72: 1
A73: s76 | B73: 1 | C73: 1
A74: s77 | B74: 1
A75: s78 | B75: 1
A76: s79 | B76: 1 | D76: 1 | F76: 1
A77: s80 | D77: 1 | F77: 1
A78: s81 | E78: 1
A79: s82 | C79: 1 | D79: 1 | E79: 1 | F79: 1
A80: s83 | B80: 1 | C80: 1 | D80: 1
A81: s84 | C81: 1 | E81: 1 | F81: 1
A82: s85 | C82: 1 | F82: 1
A83: s86 | B83: 1 | C83: 1 | F83: 1
A84: s87 | D84: 1 | F84: 1
A85: s88 | B85: 1 | C85: 1 | D85: 1 | E85: 1
A86: s89 | B86: 1 | C86: 1 | D86: 1
A87: s90 | B87: 1 | E87: 1
A88: s92 | D88: 1 | E88: 1 | F88: 1
A89: s93 | B89: 1 | C89: 1 | D89: 1
A90: s94 | B90: 1 | C90: 1
A91: s95 | D91: 1 | F91: 1
A92: s96 | B92: 1 | D92: 1 | E92: 1 | F92: 1
A93: s97 | B93: 1 | C93: 1 | E93: 1 | F93: 1
A94: s98 | B94: 1 | C94: 1 | E94: 1
A95: s99 | B95: 1 | D95: 1 | E95: 1
A96: s100 | D96: 1 | F96: 1
A97: s101 | B97: 1 | E97: 1 | F97: 1
A98: s102 | B98: 1 | C98: 1 | D98: 1 | F98: 1
A99: s103 | C99: 1 | D99: 1 | F99: 1
A100: s104 | C100: 1 | D100: 1 | E100: 1
...

Sheet MCResults
B1: ObjValue | C1: TotalWater_Current | D1: TotalWater_After | E1: InvestCost
A2: s1 | B2: 8890.6592 | C2: 2111134.2 | D2: 1331424.6 | E2: 50
A3: s2 | B3: 4637.2032 | C3: 786181.59 | D3: 674277.59 | E3: 160
A4: s3 | B4: 6670.5134 | C4: 1505342.5 | D4: 1004595.4
A5: s4 | B5: 5034.8873 | C5: 1033229.1 | D5: 734169.77 | E5: 160
A6: s5 | B6: 8885.1927 | C6: 1369705.8 | D6: 1338131.4
A7: s6 | B7: 5711.8781 | C7: 934541.01 | D7: 860222.61
A8: s7 | B8: 7711.0451 | C8: 1221580.4 | D8: 1161302
A9: s8 | B9: 4011.5905 | C9: 1416335.9 | D9: 587588.93 | E9: 110
A10: s9 | B10: 2822.324 | C10: 582775.97 | D10: 417518.67 | E10: 50
A11: s10 | B11: 3402.084 | C11: 632169 | D11: 497301.8 | E11: 100
A12: s11 | B12: 3808.9936 | C12: 1025556.9 | D12: 551053.25 | E12: 150
A13: s12 | B13: 4729.1133 | C13: 1744243 | D13: 688119.48 | E13: 160
A14: s13 | B14: 4689.2415 | C14: 1793283.4 | D14: 674584.56 | E14: 210
A15: s14 | B15: 5337.972 | C15: 903948.53 | D15: 796381.33 | E15: 50
A16: s15 | B16: 6467.8048 | C16: 980514.99 | D16: 974066.99
A17: s16 | B17: 12250.227 | C17: 2569622 | D17: 1837383.5 | E17: 50
A18: s17 | B18: 6674.4453 | C18: 1823835.6 | D18: 990127.31 | E18: 100
A19: s18 | B19: 8244.2803 | C19: 1560629.1 | D19: 1241608.5
A20: s19 | B20: 8109.6294 | C20: 1338653.6 | D20: 1212293.6 | E20: 60
A21: s20 | B21: 6464.2575 | C21: 1062409.6 | D21: 950942.4 | E21: 150
A22: s21 | B22: 6583.9372 | C22: 1167224.7 | D22: 982520.67 | E22: 60
A23: s22 | B23: 7808.823 | C23: 1413770 | D23: 1153437.2 | E23: 150
A24: s23 | B24: 7063.7071 | C24: 1471851.6 | D24: 1032184.8 | E24: 210
A25: s24 | B25: 8395.496 | C25: 1819822.7 | D25: 1264381.9
A26: s25 | B26: 6943.2796 | C26: 1439804.9 | D26: 1036638.5 | E26: 60
A27: s26 | B27: 7133.2051 | C27: 1237744 | D27: 1059217.6 | E27: 100
A28: s27 | B28: 7750.9493 | C28: 1746558.7 | D28: 1167311.6
A29: s28 | B29: 7888.1612 | C29: 1523632.3 | D29: 1180446 | E29: 50
A30: s29 | B30: 5900.277 | C30: 1418102.5 | D30: 872029.67 | E30: 110
A31: s30 | B31: 8935.4651 | C31: 2079347.9 | D31: 1345702.6
A32: s31 | B32: 7198.809 | C32: 1593333 | D32: 1075121.8 | E32: 60
A33: s32 | B33: 7058.4925 | C33: 1448760.9 | D33: 1047965.7 | E33: 100
A34: s33 | B34: 6127.2274 | C34: 1169414.4 | D34: 891148.7 | E34: 210
A35: s34 | B35: 3603.3848 | C35: 545818.2 | D35: 527618.2 | E35: 100
A36: s35 | B36: 14023.36 | C36: 2162287.8 | D36: 2111951.8
A37: s36 | B37: 8152.0897 | C37: 1680786.9 | D37: 1220194.2 | E37: 50
A38: s37 | B38: 6925.9037 | C38: 1402562.6 | D38: 1011431.3 | E38: 210
A39: s38 | B39: 5615.8952 | C39: 1267358.4 | D39: 829201.09 | E39: 110
A40: s39 | B40: 4923.913 | C40: 1527814 | D40: 681312.19 | E40: 400
A41: s40 | B41: 8979.476 | C41: 1579299.2 | D41: 1337270.5 | E41: 100
A42: s41 | B42: 7921.4189 | C42: 1650915 | D42: 1161358.3 | E42: 210
A43: s42 | B43: 7134.3919 | C43: 1181650.3 | D43: 1057890.3 | E43: 110
A44: s43 | B44: 9168.4529 | C44: 1935471.2 | D44: 1373261 | E44: 50
A45: s44 | B45: 8032.1866 | C45: 1836751.7 | D45: 1178040.2 | E45: 210
A46: s45 | B46: 8724.1306 | C46: 1701735.3 | D46: 1282248.6 | E46: 210
A47: s46 | B47: 5932.8265 | C47: 987752.65 | D47: 885967.85 | E47: 50
A48: s47 | B48: 9340.9285 | C48: 1862248.8 | D48: 1390200.1 | E48: 110
A49: s48 | B49: 10706.492 | C49: 1617498.7 | D49: 1612423.5
A50: s49 | B50: 5675.6613 | C50: 1895937 | D50: 832177.91 | E50: 150
A51: s50 | B51: 8946.4852 | C51: 1843890.4 | D51: 1330796 | E51: 110
A52: s51 | B52: 12368.148 | C52: 2284288.3 | D52: 1855142.7 | E52: 50
A53: s52 | B53: 6081.7188 | C53: 1026385.6 | D53: 848150.42 | E53: 450
A54: s53 | B54: 4938.5113 | C54: 1155490.6 | D54: 721161.34 | E54: 150
A55: s54 | B55: 5915.4466 | C55: 1018728.1 | D55: 866784.12 | E55: 160
A56: s55 | B56: 5988.4785 | C56: 1097889 | D56: 885313.02 | E56: 110
A57: s56 | B57: 8424.4298 | C57: 1438963.7 | D57: 1253679.2 | E57: 100
A58: s57 | B58: 7872.879 | C58: 1295176 | D58: 1154048 | E58: 210
A59: s58 | B59: 3491.9944 | C59: 723904.91 | D59: 501806.38 | E59: 160
A60: s59 | B60: 6057.13 | C60: 1348374.5 | D60: 895652.1 | E60: 110
A61: s60 | B61: 6881.7535 | C61: 1453652.2 | D61: 1013818.3 | E61: 150
... A71: s70 | B71: 11658.48 | C71: 2025271 | D71: 1746759 | E71: 60
A72: s71 | B72: 7166.4816 | C72: 1255109.5 | D72: 1079289.4
A73: s72 | B73: 9173.2699 | C73: 1948536 | D73: 1358926.2 | E73: 150
A74: s73 | B74: 4965.1165 | C74: 889770.41 | D74: 716132.01 | E74: 210
A75: s74 | B75: 8256.4523 | C75: 1719028.2 | D75: 1220851.3 | E75: 150
A76: s75 | B76: 8847.373 | C76: 1736465.7 | D76: 1308339.3 | E76: 160
A77: s76 | B77: 5711.1096 | C77: 1754178 | D77: 828480.36 | E77: 210
A78: s77 | B78: 6464.0512 | C78: 1369052.2 | D78: 958441.44 | E78: 100
A79: s78 | B79: 6564.1848 | C79: 1048463.7 | D79: 965991.69 | E79: 150
A80: s79 | B80: 10747.74 | C80: 1937208.3 | D80: 1618635.5
A81: s80 | B81: 10179.16 | C81: 2479218.7 | D81: 1501379.5 | E81: 210
A82: s81 | B82: 6587.9499 | C82: 1074591.5 | D82: 992161.13
A83: s82 | B83: 8475.7373 | C83: 1699466.1 | D83: 1252370.1 | E83: 160
A84: s83 | B84: 8418.5297 | C84: 1367025.3 | D84: 1267850.9
A85: s84 | B85: 6265.4378 | C85: 1018458.1 | D85: 920999.67 | E85: 150
A86: s85 | B86: 5113.8572 | C86: 911006.83 | D86: 746062.83 | E86: 160
A87: s86 | B87: 10304.106 | C87: 2011492.7 | D87: 1520196.7 | E87: 210
A88: s87 | B88: 5951.1044 | C88: 1390559.8 | D88: 881190.42 | E88: 100
A89: s88 | B89: 3357.8468 | C89: 1001787.5 | D89: 483109.45 | E89: 150
A90: s89 | B90: 5909.7057 | C90: 1887632.6 | D90: 890015.92
A91: s90 | B91: 6034.8421 | C91: 935547.65 | D91: 901331.65 | E91: 50
A92: s91 | B92: 7951.7719 | C92: 1920720.4 | D92: 1173459.6 | E92: 160
A93: s92 | B93: 6115.3451 | C93: 1649450.6 | D93: 845684.5 | E93: 500
A94: s93 | B94: 5941.3651 | C94: 1128470.8 | D94: 885747.76 | E94: 60
A95: s94 | B95: 4768.9294 | C95: 1633644.1 | D95: 686585.76 | E95: 210
A96: s95 | B96: 6625.5661 | C96: 1186680.2 | D96: 973729.83 | E96: 160
A97: s96 | B97: 3892.7446 | C97: 895425.31 | D97: 578726.59 | E97: 50
A98: s97 | B98: 7353.5864 | C98: 1163501.5 | D98: 1084877.5 | E98: 150
A99: s98 | B99: 5798.9988 | C99: 1084334.4 | D99: 858282.96 | E99: 100
A100: s99 | B100: 5617.5494 | C100: 1372057.3 | D100: 823426.11 | E100: 150
A101: s100 | B101: 10332.652 | C101: 2317122.9 | D101: 1547086.1 | E101: 60
A102: s101 | B102: 6054.8002 | C102: 1453450.5 | D102: 889277.13 | E102: 150
... A112: s111 | B112: 8372.3366 | C112: 1312789 | D112: 1245833.8 | E112: 100
A113: s112 | B113: 12567.216 | C113: 2210789 | D113: 1892653
A114: s113 | B114: 4605.1454 | C114: 1051255.3 | D114: 669449.61 | E114: 160
A115: s114 | B115: 7060.5668 | C115: 1175418.7 | D115: 1055808.3 | E115: 50
A116: s115 | B116: 10482.864 | C116: 2093404.6 | D116: 1563684.3 | E116: 100
A117: s116 | B117: 6413.9933 | C117: 1021518.1 | D117: 943372.48 | E117: 150
A118: s117 | B118: 11911.434 | C118: 2072310.6 | D118: 1784854.6 | E118: 60
...

Sheet MCWaterBefore
B1: Shower | C1: Toilet | D1: Faucets | E1: Laundry | F1: Dishwasher | G1: Outdoor
A2: s1 | B2: 1223040 | C2: 52728 | D2: 104104 | E2: 32240 | F2: 9516 | G2: 689506.17
A3: s2 | B3: 226044 | C3: 123032 | D3: 69784 | E3: 48360 | F3: 19032 | G3: 299929.59
A4: s3 | B4: 856128 | C4: 100048 | D4: 70928 | E4: 16120 | F4: 6344 | G4: 455774.48
A5: s4 | B5: 222768 | C5: 63544 | D5: 57200 | E5: 145080 | F5: 12688 | G5: 531949.1
A6: s5 | B6: 594048 | C6: 135200 | D6: 78936 | E6: 64480 | F6: 25376 | G6: 471665.84
A7: s6 | B7: 137592 | C7: 129792 | D7: 84656 | E7: 32240 | F7: 12688 | G7: 537573.01
A8: s7 | B8: 150696 | C8: 114920 | D8: 132704 | E8: 96720 | F8: 22204 | G8: 704336.38
A9: s8 | B9: 183456 | C9: 59488 | D9: 67496 | E9: 96720 | F9: 25376 | G9: 983799.89
A10: s9 | B10: 84084 | C10: 91936 | D10: 57200 | E10: 112840 | F10: 6344 | G10: 230371.97
A11: s10 | B11: 163800 | C11: 97344 | D11: 48048 | E11: 32240 | F11: 31720 | G11: 259017
A12: s11 | B12: 185640 | C12: 94640 | D12: 76648 | E12: 145080 | F12: 25376 | G12: 498172.93
A13: s12 | B13: 1261260 | C13: 89232 | D13: 73216 | E13: 80600 | F13: 3172 | G13: 236762.98
... A251: s250 | B251: 851760 | C251: 75712 | D251: 70928 | E251: 64480 | F251: 9516 | G251: 795281.16

Sheet MCWaterAfter
B1: Shower | C1: Toilet | D1: Faucets | E1: Laundry | F1: Dishwasher | G1: Outdoor
A2: s1 | B2: 733824 | C2: 52728 | D2: 42588 | E2: 32240 | F2: 9516 | G2: 460528.57
A3: s2 | B3: 161460 | C3: 75712 | D3: 69784 | E3: 48360 | F3: 19032 | G3: 299929.59
A4: s3 | B4: 513676.8 | C4: 100048 | D4: 70928 | E4: 16120 | F4: 6344 | G4: 297478.59
A5: s4 | B5: 114192 | C5: 39104 | D5: 34320 | E5: 145080 | F5: 12688 | G5: 388785.77
A6: s5 | B6: 594048 | C6: 135200 | D6: 47361.6 | E6: 64480 | F6: 25376 | G6: 471665.84
A7: s6 | B7: 102211.2 | C7: 129792 | D7: 50793.6 | E7: 32240 | F7: 7612.8 | G7: 537573.01
A8: s7 | B8: 90417.6 | C8: 114920 | D8: 132704 | E8: 96720 | F8: 22204 | G8: 704336.38
A9: s8 | B9: 47174.4 | C9: 59488 | D9: 27612 | E9: 96720 | F9: 15225.6 | G9: 341368.93
A10: s9 | B10: 84084 | C10: 91936 | D10: 39000 | E10: 67704 | F10: 3806.4 | G10: 130988.27
A11: s10 | B11: 98280 | C11: 59904 | D11: 28828.8 | E11: 32240 | F11: 19032 | G11: 259017
A12: s11 | B12: 111384 | C12: 58240 | D12: 31356 | E12: 145080 | F12: 25376 | G12: 179617.25
A13: s12 | B13: 336679.2 | C13: 54912 | D13: 73216 | E13: 48360 | F13: 3172 | G13: 171780.28
... A251: s250 | B251: 483600 | C251: 75712 | D251: 29016 | E251: 64480 | F251: 5709.6 | G251: 556023.51

Sheet MCActionShort
B1: ShortShowers | C1: LessShowers | D1: LessFaucet | E1: LessLaundry | F1: LessDishLoads
A2: s1 | C2: 11.2 | D2: 36.4
A3: s3 | B3: 11.2
A4: s4 | B4: 4.8 | D4: 20
A5: s5 | D5: 27.6
A6: s6 | B6: 3.6 | D6: 29.6 | F6: 1.6
A7: s7 | C7: 2.4
A8: s8 | B8: 4.8 | C8: 5.6 | D8: 23.6 | F8: 3.2
A9: s9 | E9: 2.8 | F9: 0.8
A10: s10 | B10: 2 | D10: 16.8 | F10: 4
A11: s11 | B11: 2 | D11: 26.8
A12: s12 | B12: 13.2 | C12: 13.2 | E12: 2
A13: s13 | B13: 9.2 | C13: 9.2 | D13: 31.6 | E13: 0.4
A14: s14 | C14: 6 | D14: 26 | E14: 0.8 | F14: 3.6
A15: s15 | E15: 0.4
A16: s16 | D16: 32 | E16: 3.2
A17: s17 | B17: 10.4 | C17: 10.4 | D17: 43.2
A18: s18 | B18: 3.6 | E18: 0.8 | F18: 4
A19: s20 | C19: 2.4
A20: s21 | B20: 2 | C20: 11.2 | D20: 34 | E20: 2
A21: s22 | B21: 4 | C21: 4 | F21: 0.4
A22: s23 | E22: 2.8 | F22: 1.2
A23: s24 | B23: 12 | D23: 22.8 | F23: 1.6
A24: s25 | C24: 6.4 | F24: 1.2
A25: s26 | C25: 13.2 | E25: 3.2 | F25: 2.8
A26: s27 | C26: 6.8 | D26: 28.4 | E26: 1.6
A27: s28 | B27: 7.6 | D27: 22 | E27: 0.8 | F27: 2.8
A28: s29 | B28: 9.6 | C28: 9.6 | F28: 0.8
A29: s30 | C29: 8 | D29: 42.8
A30: s31 | B30: 9.6 | C30: 9.6 | D30: 22 | E30: 1.6
A31: s32 | B31: 8 | C31: 8 | E31: 0.8 | F31: 3.6
A32: s35 | D32: 44
A33: s36 | C33: 6
A34: s37 | E34: 0.8
A35: s38 | B35: 4 | D35: 38.4 | F35: 1.6
A36: s39 | C36: 2.8 | D36: 43.2
A37: s40 | D37: 21.2 | F37: 3.2
A38: s41 | B38: 4.4 | D38: 45.6 | E38: 2.4 | F38: 0.4
A39: s42 | B39: 4.4
A40: s43 | B40: 10.8 | F40: 2.4
A41: s44 | F41: 4
A42: s45 | D42: 44.8 | F42: 1.2
A43: s46 | D43: 40.4 | E43: 2 | F43: 0.4
A44: s48 | F44: 1.6
A45: s49 | B45: 7.2 | C45: 7.2 | E45: 2
A46: s50 | B46: 8.8 | C46: 10.4 | D46: 17.6 | E46: 1.2
A47: s51 | B47: 11.2 | E47: 2.4 | F47: 3.2
A48: s52 | B48: 4.8 | D48: 18.4
A49: s53 | B49: 3.2 | C49: 3.2 | E49: 2.8 | F49: 3.6
A50: s54 | E50: 1.2
A51: s55 | E51: 2
A52: s56 | D52: 32.4 | E52: 2.4
A53: s57 | C53: 2.8 | F53: 2
A54: s58 | B54: 2.4
A55: s59 | B55: 9.2 | E55: 2.4 | F55: 3.2
A56: s60 | B56: 2.4 | C56: 13.6 | D56: 19.6 | E56: 2.8 | F56: 1.2
A57: s61 | C57: 9.6
A58: s62 | C58: 2.8 | F58: 1.6
A59: s63 | C59: 9.2 | F59: 2.4
A60: s64 | C60: 5.6 | D60: 30
A61: s65 | B61: 9.6 | C61: 9.6 | D61: 45.6 | F61: 2
A62: s66 | C62: 6
A63: s67 | B63: 2.4 | E63: 3.2 | F63: 0.4
A64: s68 | B64: 3.2 | D64: 18.8 | E64: 2.4 | F64: 3.2
A65: s69 | C65: 5.2 | D65: 36.8 | E65: 1.2
A66: s70 | D66: 44.8 | F66: 2.4
A67: s71 | E67: 0.8
A68: s72 | D68: 29.2 | F68: 2.4
A69: s73 | E69: 0.4 | F69: 3.2
A70: s74 | E70: 1.6
A71: s75 | B71: 8.8 | D71: 31.6 | E71: 0.4
A72: s76 | B72: 12.8 | E72: 3.2 | F72: 3.6
A73: s77 | B73: 9.6 | E73: 1.6 | F73: 0.4
A74: s79 | C74: 7.2 | D74: 44.8
A75: s80 | C75: 13.6 | D75: 27.6 | E75: 3.6 | F75: 3.6
A76: s81 | C76: 4 | F76: 1.2
A77: s82 | B77: 8.8 | D77: 27.6 | E77: 0.4 | F77: 2.8
A78: s83 | D78: 41.6 | E78: 3.2
A79: s84 | B79: 2 | F79: 1.2
A80: s85 | E80: 3.2
A81: s86 | D81: 30.4 | E81: 2
A82: s87 | B82: 10 | E82: 1.2
A83: s88 | B83: 2.8 | C83: 2.8 | E83: 0.4
A84: s89 | B84: 9.6 | C84: 9.6 | E84: 0.4 | F84: 2.4
A85: s91 | C85: 12.8 | D85: 47.2 | E85: 2.4
A86: s92 | B86: 12.4 | C86: 12.4 | F86: 2.8
A87: s93 | D87: 20.8
A88: s94 | C88: 11.6 | E88: 2
A89: s95 | F89: 3.2
A90: s96 | B90: 5.2 | C90: 5.2 | D90: 40.4 | E90: 2.8
A91: s97 | D91: 21.6
A92: s98 | E92: 1.6
A93: s99 | B93: 8 | C93: 12.8 | D93: 38 | E93: 0.4
A94: s100 | B94: 9.6 | C94: 9.6 | D94: 36 | E94: 3.6 | F94: 2.8
A95: s101 | C95: 8 | E95: 1.2
A96: s102 | B96: 3.2 | C96: 7.2 | D96: 17.6 | E96: 2.4 | F96: 0.8
A97: s103 | C97: 11.6 | D97: 33.6 | E97: 1.6 | F97: 1.6
A98: s104 | C98: 8.8 | E98: 1.2 | F98: 2.4
A99: s105 | D99: 26.8 | E99: 0.4 | F99: 1.2
A100: s106 | E100: 0.8 | F100: 3.6
...

Sheet MCActionLong
B1: LowFlowShower | C1: LowFLowToilet | D1: AeratorFaucet | E1: HELaundry
A2: s1 | D2: 1
A3: s2 | B3: 1 | C3: 1
A4: s4 | B4: 1 | C4: 1
A5: s8 | B5: 1 | D5: 1
A6: s9 | D6: 1
A7: s10 | C7: 1
A8: s11 | C8: 1 | D8: 1
A9: s12 | B9: 1 | C9: 1
A10: s13 | B10: 1 | C10: 1 | D10: 1
A11: s14 | D11: 1
A12: s16 | D12: 1
A13: s17 | C13: 1
A14: s19 | B14: 1
A15: s20 | C15: 1 | D15: 1
A16: s21 | B16: 1
A17: s22 | C17: 1 | D17: 1
A18: s23 | B18: 1 | C18: 1 | D18: 1
A19: s25 | B19: 1
A20: s26 | C20: 1
A21: s28 | D21: 1
A22: s29 | B22: 1 | D22: 1
A23: s31 | B23: 1
A24: s32 | C24: 1
A25: s33 | B25: 1 | C25: 1 | D25: 1
A26: s34 | C26: 1
A27: s36 | D27: 1
A28: s37 | B28: 1 | C28: 1 | D28: 1
A29: s38 | B29: 1 | D29: 1
A30: s39 | E30: 1
A31: s40 | C31: 1
A32: s41 | B32: 1 | C32: 1 | D32: 1
A33: s42 | B33: 1 | D33: 1
A34: s43 | D34: 1
A35: s44 | B35: 1 | C35: 1 | D35: 1
A36: s45 | B36: 1 | C36: 1 | D36: 1
A37: s46 | D37: 1
A38: s47 | B38: 1 | D38: 1
A39: s49 | C39: 1 | D39: 1
A40: s50 | B40: 1 | D40: 1
A41: s51 | D41: 1
A42: s52 | D42: 1 | E42: 1
A43: s53 | C43: 1 | D43: 1
A44: s54 | B44: 1 | C44: 1
A45: s55 | B45: 1 | D45: 1
A46: s56 | C46: 1
A47: s57 | B47: 1 | C47: 1 | D47: 1
A48: s58 | B48: 1 | C48: 1
A49: s59 | B49: 1 | D49: 1
A50: s60 | C50: 1 | D50: 1
A51: s61 | C51: 1 | D51: 1
A52: s62 | C52: 1
A53: s63 | C53: 1 | D53: 1
A54: s64 | C54: 1 | D54: 1
A55: s65 | C55: 1 | D55: 1
A56: s66 | C56: 1
A57: s67 | D57: 1
A58: s68 | C58: 1 | D58: 1
A59: s69 | B59: 1 | C59: 1 | D59: 1
A60: s70 | B60: 1
A61: s72 | C61: 1 | D61: 1
A62: s73 | B62: 1 | C62: 1 | D62: 1
A63: s74 | C63: 1 | D63: 1
A64: s75 | B64: 1 | C64: 1
A65: s76 | B65: 1 | C65: 1 | D65: 1
A66: s77 | C66: 1
A67: s78 | C67: 1 | D67: 1
A68: s80 | B68: 1 | C68: 1 | D68: 1
A69: s82 | B69: 1 | C69: 1
A70: s84 | C70: 1 | D70: 1
A71: s85 | B71: 1 | C71: 1
A72: s86 | B72: 1 | C72: 1 | D72: 1
A73: s87 | C73: 1
A74: s88 | C74: 1 | D74: 1
A75: s90 | D75: 1
A76: s91 | B76: 1 | C76: 1
A77: s92 | C77: 1 | E77: 1
A78: s93 | B78: 1
A79: s94 | B79: 1 | C79: 1 | D79: 1
A80: s95 | B80: 1 | C80: 1
A81: s96 | D81: 1
A82: s97 | C82: 1 | D82: 1
A83: s98 | C83: 1
A84: s99 | C84: 1 | D84: 1
A85: s100 | B85: 1
A86: s101 | C86: 1 | D86: 1
A87: s102 | B87: 1
A88: s103 | B88: 1
A89: s104 | C89: 1 | D89: 1
A90: s105 | B90: 1 | D90: 1
A91: s106 | D91: 1
A92: s107 | D92: 1
A93: s108 | D93: 1
A94: s109 | B94: 1 | C94: 1 | D94: 1
A95: s110 | C95: 1
A96: s111 | C96: 1
A97: s113 | B97: 1 | C97: 1
A98: s114 | D98: 1
A99: s115 | C99: 1
A100: s116 | C100: 1 | D100: 1
...

Sheet MCWillingShort
B1: ShortShowers | C1: LessShowers | D1: LessFaucet | E1: LessLaundry | F1: LessDishLoads
A2: s1 | B2: Eps | C2: 1 | D2: 1 | E2: Eps | F2: Eps
A3: s2 | B3: Eps | C3: Eps | D3: Eps | E3: Eps | F3: Eps
A4: s3 | B4: 1 | C4: Eps | D4: Eps | E4: Eps | F4: Eps
A5: s4 | B5: 1 | C5: Eps | D5: 1 | E5: Eps | F5: Eps
A6: s5 | B6: Eps | C6: Eps | D6: 1 | E6: Eps | F6: Eps
A7: s6 | B7: 1 | C7: Eps | D7: 1 | E7: Eps | F7: 1
A8: s7 | B8: Eps | C8: 1 | D8: Eps | E8: Eps | F8: Eps
A9: s8 | B9: 1 | C9: 1 | D9: 1 | E9: Eps | F9: 1
A10: s9 | B10: Eps | C10: Eps | D10: Eps | E10: 1 | F10: 1
A11: s10 | B11: 1 | C11: Eps | D11: 1 | E11: Eps | F11: 1
A12: s11 | B12: 1 | C12: Eps | D12: 1 | E12: Eps | F12: Eps
A13: s12 | B13: 1 | C13: 1 | D13: Eps | E13: 1 | F13: Eps
A14: s13 | B14: 1 | C14: 1 | D14: 1 | E14: 1 | F14: Eps
A15: s14 | B15: Eps | C15: 1 | D15: 1 | E15: 1 | F15: 1
A16: s15 | B16: Eps | C16: Eps | D16: Eps | E16: 1 | F16: Eps
A17: s16 | B17: Eps | C17: Eps | D17: 1 | E17: 1 | F17: Eps
A18: s17 | B18: 1 | C18: 1 | D18: 1 | E18: Eps | F18: Eps
A19: s18 | B19: 1 | C19: Eps | D19: Eps | E19: 1 | F19: 1
A20: s19 | B20: Eps | C20: Eps | D20: Eps | E20: Eps | F20: Eps
A21: s20 | B21: Eps | C21: 1 | D21: Eps | E21: Eps | F21: Eps
A22: s21 | B22: 1 | C22: 1 | D22: 1 | E22: 1 | F22: Eps
A23: s22 | B23: 1 | C23: 1 | D23: Eps | E23: Eps | F23: 1
A24: s23 | B24: Eps | C24: Eps | D24: Eps | E24: 1 | F24: 1
A25: s24 | B25: 1 | C25: Eps | D25: 1 | E25: Eps | F25: 1
A26: s25 | B26: Eps | C26: 1 | D26: Eps | E26: Eps | F26: 1
A27: s26 | B27: Eps | C27: 1 | D27: Eps | E27: 1 | F27: 1
A28: s27 | B28: Eps | C28: 1 | D28: 1 | E28: 1 | F28: Eps
A29: s28 | B29: 1 | C29: Eps | D29: 1 | E29: 1 | F29: 1
A30: s29 | B30: 1 | C30: 1 | D30: Eps | E30: Eps | F30: 1
A31: s30 | B31: Eps | C31: 1 | D31: 1 | E31: Eps | F31: Eps
A32: s31 | B32: 1 | C32: 1 | D32: 1 | E32: 1 | F32: Eps
A33: s32 | B33: 1 | C33: 1 | D33: Eps | E33: 1 | F33: 1
A34: s33 | B34: Eps | C34: Eps | D34: Eps | E34: Eps | F34: Eps
A35: s34 | B35: Eps | C35: Eps | D35: Eps | E35: Eps | F35: Eps
A36: s35 | B36: Eps | C36: Eps | D36: 1 | E36: Eps | F36: Eps
A37: s36 | B37: Eps | C37: 1 | D37: Eps | E37: Eps | F37: Eps
A38: s37 | B38: Eps | C38: Eps | D38: Eps | E38: 1 | F38: Eps
A39: s38 | B39: 1 | C39: Eps | D39: 1 | E39: Eps | F39: 1
A40: s39 | B40: Eps | C40: 1 | D40: 1 | E40: Eps | F40: Eps
A41: s40 | B41: Eps | C41: Eps | D41: 1 | E41: Eps | F41: 1
A42: s41 | B42: 1 | C42: Eps | D42: 1 | E42: 1 | F42: 1
A43: s42 | B43: 1 | C43: Eps | D43: Eps | E43: Eps | F43: Eps
A44: s43 | B44: 1 | C44: Eps | D44: Eps | E44: Eps | F44: 1
A45: s44 | B45: Eps | C45: Eps | D45: Eps | E45: Eps | F45: 1
A46: s45 | B46: Eps | C46: Eps | D46: 1 | E46: Eps | F46: 1
A47: s46 | B47: Eps | C47: Eps | D47: 1 | E47: 1 | F47: 1
A48: s47 | B48: Eps | C48: Eps | D48: Eps | E48: Eps | F48: Eps
A49: s48 | B49: Eps | C49: Eps | D49: Eps | E49: Eps | F49: 1
A50: s49 | B50: 1 | C50: 1 | D50: Eps | E50: 1 | F50: Eps
A51: s50 | B51: 1 | C51: 1 | D51: 1 | E51: 1 | F51: Eps
A52: s51 | B52: 1 | C52: Eps | D52: Eps | E52: 1 | F52: 1
A53: s52 | B53: 1 | C53: Eps | D53: 1 | E53: Eps | F53: Eps
A54: s53 | B54: 1 | C54: 1 | D54: Eps | E54: 1 | F54: 1
A55: s54 | B55: Eps | C55: Eps | D55: Eps | E55: 1 | F55: Eps
A56: s55 | B56: Eps | C56: Eps | D56: Eps | E56: 1 | F56: Eps
A57: s56 | B57: Eps | C57: Eps | D57: 1 | E57: 1 | F57: Eps
A58: s57 | B58: Eps | C58: 1 | D58: Eps | E58: Eps | F58: 1
A59: s58 | B59: 1 | C59: Eps | D59: Eps | E59: Eps | F59: Eps
A60: s59 | B60: 1 | C60: Eps | D60: Eps | E60: 1 | F60: 1
A61: s60 | B61: 1 | C61: 1 | D61: 1 | E61: 1 | F61: 1
A62: s61 | B62: Eps | C62: 1 | D62: Eps | E62: Eps | F62: Eps
A63: s62 | B63: Eps | C63: 1 | D63: Eps | E63: Eps | F63: 1
A64: s63 | B64: Eps | C64: 1 | D64: Eps | E64: Eps | F64: 1
A65: s64 | B65: Eps | C65: 1 | D65: 1 | E65: Eps | F65: Eps
A66: s65 | B66: 1 | C66: 1 | D66: 1 | E66: Eps | F66: 1
A67: s66 | B67: Eps | C67: 1 | D67: Eps | E67: Eps | F67: Eps
A68: s67 | B68: 1 | C68: Eps | D68: Eps | E68: 1 | F68: 1
A69: s68 | B69: 1 | C69: Eps | D69: 1 | E69: 1 | F69: 1
A70: s69 | B70: Eps | C70: 1 | D70: 1 | E70: 1 | F70: Eps
A71: s70 | B71: Eps | C71: Eps | D71: 1 | E71: Eps | F71: 1
A72: s71 | B72: Eps | C72: Eps | D72: Eps | E72: 1 | F72: Eps
A73: s72 | B73: Eps | C73: Eps | D73: 1 | E73: Eps | F73: 1
A74: s73 | B74: Eps | C74: Eps | D74: Eps | E74: 1 | F74: 1
A75: s74 | B75: Eps | C75: Eps | D75: Eps | E75: 1 | F75: Eps
A76: s75 | B76: 1 | C76: Eps | D76: 1 | E76: 1 | F76: Eps
A77: s76 | B77: 1 | C77: Eps | D77: Eps | E77: 1 | F77: 1
A78: s77 | B78: 1 | C78: Eps | D78: Eps | E78: 1 | F78: 1
A79: s78 | B79: Eps | C79: Eps | D79: Eps | E79: Eps | F79: Eps
A80: s79 | B80: Eps | C80: 1 | D80: 1 | E80: Eps | F80: Eps
A81: s80 | B81: Eps | C81: 1 | D81: 1 | E81: 1 | F81: 1
A82: s81 | B82: Eps | C82: 1 | D82: Eps | E82: Eps | F82: 1
A83: s82 | B83: 1 | C83: Eps | D83: 1 | E83: 1 | F83: 1
A84: s83 | B84: Eps | C84: Eps | D84: 1 | E84: 1 | F84: Eps
A85: s84 | B85: 1 | C85: Eps | D85: Eps | E85: Eps | F85: 1
A86: s85 | B86: Eps | C86: Eps | D86: Eps | E86: 1 | F86: Eps
A87: s86 | B87: Eps | C87: Eps | D87: 1 | E87: 1 | F87: Eps
A88: s87 | B88: 1 | C88: Eps | D88: Eps | E88: 1 | F88: Eps
A89: s88 | B89: 1 | C89: 1 | D89: Eps | E89: 1 | F89: Eps
A90: s89 | B90: 1 | C90: 1 | D90: Eps | E90: 1 | F90: 1
A91: s90 | B91: Eps | C91: Eps | D91: Eps | E91: Eps | F91: Eps
A92: s91 | B92: Eps | C92: 1 | D92: 1 | E92: 1 | F92: Eps
A93: s92 | B93: 1 | C93: 1 | D93: Eps | E93: Eps | F93: 1
A94: s93 | B94: Eps | C94: Eps | D94: 1 | E94: Eps | F94: Eps
A95: s94 | B95: Eps | C95: 1 | D95: Eps | E95: 1 | F95: Eps
A96: s95 | B96: Eps | C96: Eps | D96: Eps | E96: Eps | F96: 1
A97: s96 | B97: 1 | C97: 1 | D97: 1 | E97: 1 | F97: Eps
A98: s97 | B98: Eps | C98: Eps | D98: 1 | E98: Eps | F98: Eps
A99: s98 | B99: Eps | C99: Eps | D99: Eps | E99: 1 | F99: Eps
A100: s99 | B100: 1 | C100: 1 | D100: 1 | E100: 1 | F100: Eps
...

Sheet MCWillingLong
B1: LowFlowShower | C1: LowFLowToilet | D1: AeratorFaucet | E1: HELaundry | F1: HEDishwasher
A2: s1 | B2: Eps | C2: Eps | D2: 1 | E2: Eps | F2: 1
A3: s2 | B3: 1 | C3: 1 | D3: Eps | E3: 1 | F3: 1
A4: s3 | B4: Eps | C4: Eps | D4: Eps | E4: 1 | F4: 1
A5: s4 | B5: 1 | C5: 1 | D5: Eps | E5: Eps | F5: 1
A6: s5 | B6: Eps | C6: Eps | D6: Eps | E6: Eps | F6: Eps
A7: s6 | B7: Eps | C7: Eps | D7: Eps | E7: 1 | F7: 1
A8: s7 | B8: Eps | C8: Eps | D8: Eps | E8: Eps | F8: Eps
A9: s8 | B9: 1 | C9: Eps | D9: 1 | E9: Eps | F9: 1
A10: s9 | B10: Eps | C10: Eps | D10: 1 | E10: 1 | F10: 1
A11: s10 | B11: Eps | C11: 1 | D11: Eps | E11: Eps | F11: Eps
A12: s11 | B12: Eps | C12: 1 | D12: 1 | E12: Eps | F12: 1
A13: s12 | B13: 1 | C13: 1 | D13: Eps | E13: Eps | F13: 1
A14: s13 | B14: 1 | C14: 1 | D14: 1 | E14: 1 | F14: 1
A15: s14 | B15: Eps | C15: Eps | D15: 1 | E15: 1 | F15: 1
A16: s15 | B16: Eps | C16: Eps | D16: Eps | E16: 1 | F16: 1
A17: s16 | B17: Eps | C17: Eps | D17: 1 | E17: Eps | F17: 1
A18: s17 | B18: Eps | C18: 1 | D18: Eps | E18: Eps | F18: 1
A19: s18 | B19: Eps | C19: Eps | D19: Eps | E19: Eps | F19: 1
A20: s19 | B20: 1 | C20: Eps | D20: Eps | E20: 1 | F20: Eps
A21: s20 | B21: Eps | C21: 1 | D21: 1 | E21: Eps | F21: Eps
A22: s21 | B22: 1 | C22: Eps | D22: Eps | E22: 1 | F22: Eps
A23: s22 | B23: Eps | C23: 1 | D23: 1 | E23: 1 | F23: Eps
A24: s23 | B24: 1 | C24: 1 | D24: 1 | E24: Eps | F24: 1
A25: s24 | B25: Eps | C25: Eps | D25: Eps | E25: 1 | F25: Eps
A26: s25 | B26: 1 | C26: Eps | D26: Eps | E26: 1 | F26: 1
A27: s26 | B27: Eps | C27: 1 | D27: Eps | E27: Eps | F27: Eps
A28: s27 | B28: Eps | C28: Eps | D28: Eps | E28: Eps | F28: 1
A29: s28 | B29: Eps | C29: Eps | D29: 1 | E29: Eps | F29: Eps
A30: s29 | B30: 1 | C30: Eps | D30: 1 | E30: Eps | F30: 1
A31: s30 | B31: Eps | C31: Eps | D31: Eps | E31: 1 | F31: 1
A32: s31 | B32: 1 | C32: Eps | D32: Eps | E32: Eps | F32: Eps
A33: s32 | B33: Eps | C33: 1 | D33: Eps | E33: Eps | F33: 1
A34: s33 | B34: 1 | C34: 1 | D34: 1 | E34: Eps | F34: 1
A35: s34 | B35: Eps | C35: 1 | D35: Eps | E35: Eps | F35: Eps
A36: s35 | B36: Eps | C36: Eps | D36: Eps | E36: 1 | F36: 1
A37: s36 | B37: Eps | C37: Eps | D37: 1 | E37: Eps | F37: Eps
A38: s37 | B38: 1 | C38: 1 | D38: 1 | E38: 1 | F38: 1
A39: s38 | B39: 1 | C39: Eps | D39: 1 | E39: 1 | F39: 1
A40: s39 | B40: Eps | C40: Eps | D40: Eps | E40: 1 | F40: 1
A41: s40 | B41: Eps | C41: 1 | D41: Eps | E41: 1 | F41: Eps
A42: s41 | B42: 1 | C42: 1 | D42: 1 | E42: 1 | F42: 1
A43: s42 | B43: 1 | C43: Eps | D43: 1 | E43: Eps | F43: 1
A44: s43 | B44: Eps | C44: Eps | D44: 1 | E44: Eps | F44: Eps
A45: s44 | B45: 1 | C45: 1 | D45: 1 | E45: Eps | F45: Eps
A46: s45 | B46: 1 | C46: 1 | D46: 1 | E46: Eps | F46: Eps
A47: s46 | B47: Eps | C47: Eps | D47: 1 | E47: 1 | F47: 1
A48: s47 | B48: 1 | C48: Eps | D48: 1 | E48: Eps | F48: Eps
A49: s48 | B49: Eps | C49: Eps | D49: Eps | E49: Eps | F49: 1
A50: s49 | B50: Eps | C50: 1 | D50: 1 | E50: Eps | F50: 1
A51: s50 | B51: 1 | C51: Eps | D51: 1 | E51: Eps | F51: Eps
A52: s51 | B52: Eps | C52: Eps | D52: 1 | E52: Eps | F52: Eps
A53: s52 | B53: Eps | C53: Eps | D53: 1 | E53: 1 | F53: Eps
A54: s53 | B54: Eps | C54: 1 | D54: 1 | E54: 1 | F54: 1
A55: s54 | B55: 1 | C55: 1 | D55: Eps | E55: 1 | F55: 1
A56: s55 | B56: 1 | C56: Eps | D56: 1 | E56: 1 | F56: 1
A57: s56 | B57: Eps | C57: 1 | D57: Eps | E57: Eps | F57: 1
A58: s57 | B58: 1 | C58: 1 | D58: 1 | E58: Eps | F58: 1
A59: s58 | B59: 1 | C59: 1 | D59: Eps | E59: Eps | F59: Eps
A60: s59 | B60: 1 | C60: Eps | D60: 1 | E60: 1 | F60: Eps
A61: s60 | B61: Eps | C61: 1 | D61: 1 | E61: 1 | F61: 1
A62: s61 | B62: Eps | C62: 1 | D62: 1 | E62: 1 | F62: Eps
A63: s62 | B63: Eps | C63: 1 | D63: Eps | E63: 1 | F63: Eps
A64: s63 | B64: Eps | C64: 1 | D64: 1 | E64: Eps | F64: 1
A65: s64 | B65: Eps | C65: 1 | D65: 1 | E65: 1 | F65: Eps
A66: s65 | B66: Eps | C66: 1 | D66: 1 | E66: 1 | F66: 1
A67: s66 | B67: Eps | C67: 1 | D67: Eps | E67: Eps | F67: Eps
A68: s67 | B68: Eps | C68: Eps | D68: 1 | E68: Eps | F68: 1
A69: s68 | B69: Eps | C69: 1 | D69: 1 | E69: Eps | F69: 1
A70: s69 | B70: 1 | C70: 1 | D70: 1 | E70: Eps | F70: Eps
A71: s70 | B71: 1 | C71: Eps | D71: Eps | E71: 1 | F71: Eps
A72: s71 | B72: Eps | C72: Eps | D72: Eps | E72: Eps | F72: 1
A73: s72 | B73: Eps | C73: 1 | D73: 1 | E73: Eps | F73: 1
A74: s73 | B74: 1 | C74: 1 | D74: 1 | E74: 1 | F74: Eps
A75: s74 | B75: Eps | C75: 1 | D75: 1 | E75: Eps | F75: Eps
A76: s75 | B76: 1 | C76: 1 | D76: Eps | E76: Eps | F76: 1
A77: s76 | B77: 1 | C77: 1 | D77: 1 | E77: 1 | F77: 1
A78: s77 | B78: Eps | C78: 1 | D78: Eps | E78: Eps | F78: Eps
A79: s78 | B79: Eps | C79: 1 | D79: 1 | E79: Eps | F79: 1
A80: s79 | B80: Eps | C80: Eps | D80: Eps | E80: 1 | F80: 1
A81: s80 | B81: 1 | C81: 1 | D81: 1 | E81: 1 | F81: Eps
A82: s81 | B82: Eps | C82: Eps | D82: Eps | E82: 1 | F82: Eps
A83: s82 | B83: 1 | C83: 1 | D83: Eps | E83: Eps | F83: Eps
A84: s83 | B84: Eps | C84: Eps | D84: Eps | E84: Eps | F84: Eps
A85: s84 | B85: Eps | C85: 1 | D85: 1 | E85: 1 | F85: Eps
A86: s85 | B86: 1 | C86: 1 | D86: Eps | E86: Eps | F86: 1
A87: s86 | B87: 1 | C87: 1 | D87: 1 | E87: 1 | F87: 1
A88: s87 | B88: Eps | C88: 1 | D88: Eps | E88: 1 | F88: 1
A89: s88 | B89: Eps | C89: 1 | D89: 1 | E89: 1 | F89: Eps
A90: s89 | B90: Eps | C90: Eps | D90: Eps | E90: Eps | F90: 1
A91: s90 | B91: Eps | C91: Eps | D91: 1 | E91: 1 | F91: Eps
A92: s91 | B92: 1 | C92: 1 | D92: Eps | E92: Eps | F92: 1
A93: s92 | B93: Eps | C93: 1 | D93: Eps | E93: 1 | F93: Eps
A94: s93 | B94: 1 | C94: Eps | D94: Eps | E94: Eps | F94: Eps
A95: s94 | B95: 1 | C95: 1 | D95: 1 | E95: Eps | F95: Eps
A96: s95 | B96: 1 | C96: 1 | D96: Eps | E96: 1 | F96: Eps
A97: s96 | B97: Eps | C97: Eps | D97: 1 | E97: 1 | F97: Eps
A98: s97 | B98: Eps | C98: 1 | D98: 1 | E98: Eps | F98: 1
A99: s98 | B99: Eps | C99: 1 | D99: Eps | E99: Eps | F99: Eps
A100: s99 | B100: Eps | C100: 1 | D100: 1 | E100: Eps | F100: 1
...

Sheet MCOutdoorBase
A1: s1 | B1: s2 | C1: s3 | D1: s4 | E1: s5 | F1: s6 | G1: s7 | H1: s8 | I1: s9 | J1: s10 | K1: s11 | L1: s12 | M1: s13 | N1: s14 | O1: s15 | P1: s16 | Q1: s17 | R1: s18 | S1: s19 | T1: s20 | U1: s21 | V1: s22 | W1: s23 | X1: s24 | Y1: s25 | Z1: s26 | AA1: s27 | AB1: s28 | AC1: s29 | AD1: s30 | AE1: s31 | AF1: s32 | AG1: s33 | AH1: s34 | AI1: s35 | AJ1: s36 | AK1: s37 | AL1: s38 | AM1: s39 | AN1: s40 | AO1: s41 | AP1: s42 | AQ1: s43 | AR1: s44 | AS1: s45 | AT1: s46 | AU1: s47 | AV1: s48 | AW1: s49 | AX1: s50 | AY1: s51 | AZ1: s52 | BA1: s53 | BB1: s54 | BC1: s55 | BD1: s56 | BE1: s57 | BF1: s58 | BG1: s59 | BH1: s60 | BI1: s61 | BJ1: s62 | BK1: s63 | BL1: s64 | BM1: s65 | BN1: s66 | BO1: s67 | BP1: s68 | BQ1: s69 | BR1: s70 | BS1: s71 | BT1: s72 | BU1: s73 | BV1: s74 | BW1: s75 | BX1: s76 | BY1: s77 | BZ1: s78 | CA1: s79 | CB1: s80 | CC1: s81 | CD1: s82 | CE1: s83 | CF1: s84 | CG1: s85 | CH1: s86 | CI1: s87 | CJ1: s88 | CK1: s89 | CL1: s90 | CM1: s91 | CN1: s92 | CO1: s93 | CP1: s94 | CQ1: s95 | CR1: s96 | CS1: s97 | CT1: s98 | CU1: s99 | CV1: s100 | CW1: s101 | CX1: s102 | CY1: s103 | CZ1: s104 | DA1: s105 | DB1: s106 | DC1: s107 | DD1: s108 | DE1: s109 | DF1: s110 | DG1: s111 | DH1: s112 | DI1: s113 | DJ1: s114 | DK1: s115 | DL1: s116 | DM1: s117 | DN1: s118 | DO1: s119 | DP1: s120 | DQ1: s121 | DR1: s122 | DS1: s123 | DT1: s124 | DU1: s125 | DV1: s126 | DW1: s127 | DX1: s128 | DY1: s129 | DZ1: s130 | EA1: s131 | EB1: s132 | EC1: s133 | ED1: s134 | EE1: s135 | EF1: s136 | EG1: s137 | EH1: s138 | EI1: s139 | EJ1: s140 | EK1: s141 | EL1: s142 | EM1: s143 | EN1: s144 | EO1: s145 | EP1: s146 | EQ1: s147 | ER1: s148 | ES1: s149 | ET1: s150 | EU1: s151 | EV1: s152 | EW1: s153 | EX1: s154 | EY1: s155 | EZ1: s156 | FA1: s157 | FB1: s158 | FC1: s159 | FD1: s160 | FE1: s161 | FF1: s162 | FG1: s163 | FH1: s164 | FI1: s165 | FJ1: s166 | FK1: s167 | FL1: s168 | FM1: s169 | FN1: s170 | FO1: s171 | FP1: s172 | FQ1: s173 | FR1: s174 | FS1: s175 | FT1: s176 | FU1: s177 | FV1: s178 | FW1: s179 | FX1: s180 | FY1: s181 | FZ1: s182 | GA1: s183 | GB1: s184 | GC1: s185 | GD1: s186 | GE1: s187 | GF1: s188 | GG1: s189 | GH1: s190 | GI1: s191 | GJ1: s192 | GK1: s193 | GL1: s194 | GM1: s195 | GN1: s196 | GO1: s197 | GP1: s198 | GQ1: s199 | GR1: s200 | GS1: s201 | GT1: s202 | GU1: s203 | GV1: s204 | GW1: s205 | GX1: s206 | GY1: s207 | GZ1: s208 | HA1: s209 | HB1: s210 | HC1: s211 | HD1: s212 | HE1: s213 | HF1: s214 | HG1: s215 | HH1: s216 | HI1: s217 | HJ1: s218 | HK1: s219 | HL1: s220 | HM1: s221 | HN1: s222 | HO1: s223 | HP1: s224 | HQ1: s225 | HR1: s226 | HS1: s227 | HT1: s228 | HU1: s229 | HV1: s230 | HW1: s231 | HX1: s232 | HY1: s233 | HZ1: s234 | IA1: s235 | IB1: s236 | IC1: s237 | ID1: s238 | IE1: s239 | IF1: s240 | IG1: s241 | IH1: s242 | II1: s243 | IJ1: s244 | IK1: s245 | IL1: s246 | IM1: s247 | IN1: s248 | IO1: s249 | IP1: s250
A2: 1325.9734 | B2: 576.78767 | C2: 876.48938 | D2: 1022.979 | E2: 907.04969 | F2: 1033.7943 | G2: 1354.493 | H2: 1891.9229 | I2: 443.02302 | J2: 498.10962 | K2: 958.02487 | L2: 455.31343 | M2: 1521.4219 | N2: 1130.8626 | O2: 561.30575 | P2: 1840.2807 | Q2: 1321.9761 | R2: 1946.1098 | S2: 1267.7338 | T2: 1315.2954 | U2: 1315.4628 | V2: 1353.8885 | W2: 1918.3839 | X2: 952.05896 | Y2: 1004.3556 | Z2: 1285.477 | AA2: 1575.0666 | AB2: 934.16212 | AC2: 1048.9201 | AD2: 1978.346 | AE2: 1358.102 | AF2: 1107.1787 | AG2: 572.97389 | AH2: 474.25038 | AI2: 1211.8457 | AJ2: 1572.1826 | AK2: 447.83572 | AL2: 1236.8278 | AM2: 1841.3038 | AN2: 1902.1139 | AO2: 1785.0366 | AP2: 1180.4045 | AQ2: 1149.76 | AR2: 1727.0148 | AS2: 1586.3679 | AT2: 1037.2243 | AU2: 1525.0477 | AV2: 1821.7744 | AW2: 1921.8327 | AX2: 1894.643 | AY2: 1664.2621 | AZ2: 423.61849 | BA2: 1089.7973 | BB2: 740.59255 | BC2: 630.62505 | BD2: 548.63787 | BE2: 1798.4232 | BF2: 490.12483 | BG2: 618.92789 | BH2: 1945.9851 | BI2: 1236.6972 | BJ2: 613.57552 | BK2: 1655.2329 | BL2: 427.52204 | BM2: 459.5432 | BN2: 1847.1468 | BO2: 1531.8738 | BP2: 932.10597 | BQ2: 1630.8409 | BR2: 1788.352 | BS2: 1277.6721 | BT2: 1719.0846 | BU2: 675.09693 | BV2: 1675.6236 | BW2: 1544.5571 | BX2: 453.51919 | BY2: 516.89262 | BZ2: 858.77632 | CA2: 1891.6006 | CB2: 1325.8283 | CC2: 1300.0222 | CD2: 1428.504 | CE2: 1547.9947 | CF2: 1355.3732 | CG2: 589.73622 | CH2: 873.75523 | CI2: 793.75342 | CJ2: 1125.4145 | CK2: 1495.6627 | CL2: 1147.2301 | CM2: 1013.5931 | CN2: 491.52034 | CO2: 1154.3361 | CP2: 1819.0234 | CQ2: 791.27737 | CR2: 400.37176 | CS2: 1048.6028 | CT2: 1258.7585 | CU2: 864.57175 | CV2: 1990.9056 | CW2: 648.39708 | CX2: 1229.1972 | CY2: 1026.3431 | CZ2: 1327.2888 | DA2: 774.4261 | DB2: 744.50787 | DC2: 1755.0303 | DD2: 1185.4589 | DE2: 541.48602 | DF2: 481.00861 | DG2: 1012.8943 | DH2: 1624.9174 | DI2: 1342.0449 | DJ2: 1373.4205 | DK2: 1273.6781 | DL2: 566.65784 | DM2: 1964.0126 | DN2: 1118.7606 | DO2: 1217.422 | DP2: 521.56137 | DQ2: 847.97815 | DR2: 539.53842 | DS2: 933.13958 | DT2: 975.19974 | DU2: 1764.6992 | DV2: 1014.3075 | DW2: 1748.6484 | DX2: 556.86559 | DY2: 1225.239 | DZ2: 546.76818 | EA2: 1485.0847 | EB2: 585.996 | EC2: 1040.3849 | ED2: 1401.0512 | EE2: 754.37661 | EF2: 712.98453 | EG2: 1765.7994 | EH2: 748.37049 | EI2: 1425.4359 | EJ2: 1729.9794 | EK2: 1551.5982 | EL2: 1879.175 | EM2: 1551.4954 | EN2: 1939.332 | EO2: 543.84508 | EP2: 1688.8755 | EQ2: 1075.7808 | ER2: 765.4103 | ES2: 859.19746 | ET2: 1717.3166 | EU2: 1615.2214 | EV2: 983.86331 | EW2: 850.68298 | EX2: 960.73038 | EY2: 1738.2975 | EZ2: 1368.5292 | FA2: 1238.4903 | FB2: 646.35069 | FC2: 1670.3669 | FD2: 1163.4709 | FE2: 840.94614 | FF2: 891.7555 | FG2: 1221.1706 | FH2: 419.51323 | FI2: 1747.2664 | FJ2: 1583.7069 | FK2: 1646.7421 | FL2: 1015.984 | FM2: 1549.8035 | FN2: 959.76957 | FO2: 1986.8227 | FP2: 1392.4972 | FQ2: 817.61544 | FR2: 1721.4288 | FS2: 1584.6017 | FT2: 881.23759 | FU2: 1297.2967 | FV2: 424.07677 | FW2: 1459.6986 | FX2: 1206.9731 | FY2: 1915.8385 | FZ2: 1070.7895 | GA2: 1131.3703 | GB2: 1045.8752 | GC2: 1284.6097 | GD2: 627.29556 | GE2: 828.20714 | GF2: 1006.8629 | GG2: 498.06228 | GH2: 1255.6752 | GI2: 1353.2068 | GJ2: 603.15236 | GK2: 1649.9275 | GL2: 1655.9013 | GM2: 1023.1495 | GN2: 431.17465 | GO2: 763.92061 | GP2: 1653.9811 | GQ2: 1851.0598 | GR2: 1283.4205 | GS2: 1245.6271 | GT2: 1780.9786 | GU2: 950.90337 | GV2: 1992.5684 | GW2: 1307.2523 | GX2: 1135.9798 | GY2: 1293.9877 | GZ2: 899.44099 | HA2: 1640.2261 | HB2: 472.65742 | HC2: 766.36247 | HD2: 485.53072 | HE2: 960.26465 | HF2: 1676.8374 | HG2: 1816.2176 | HH2: 1630.2395 | HI2: 1291.8266 | HJ2: 797.42 | HK2: 1717.3022 | HL2: 699.44229 | HM2: 1404.908 | HN2: 1041.6434 | HO2: 1211.5927 | HP2: 1825.7163 | HQ2: 972.46782 | HR2: 1711.12 | HS2: 1432.3106 | HT2: 1068.9955 | HU2: 665.91051 | HV2: 776.26959 | HW2: 1519.7316 | HX2: 1531.9303 | HY2: 1595.2741 | HZ2: 1511.1214 | IA2: 585.76919 | IB2: 1359.4561 | IC2: 1887.5847 | ID2: 971.50457 | IE2: 1732.2895 | IF2: 860.00127 | IG2: 1519.9017 | IH2: 623.93563 | II2: 1341.2619 | IJ2: 1950.2768 | IK2: 1196.7586 | IL2: 530.68452 | IM2: 1317.1501 | IN2: 1543.8524 | IO2: 1800.5437 | IP2: 1529.3868

Sheet MCOutdoorTarget
A1: s1 | B1: s2 | C1: s3 | D1: s4 | E1: s5 | F1: s6 | G1: s7 | H1: s8 | I1: s9 | J1: s10 | K1: s11 | L1: s12 | M1: s13 | N1: s14 | O1: s15 | P1: s16 | Q1: s17 | R1: s18 | S1: s19 | T1: s20 | U1: s21 | V1: s22 | W1: s23 | X1: s24 | Y1: s25 | Z1: s26 | AA1: s27 | AB1: s28 | AC1: s29 | AD1: s30 | AE1: s31 | AF1: s32 | AG1: s33 | AH1: s34 | AI1: s35 | AJ1: s36 | AK1: s37 | AL1: s38 | AM1: s39 | AN1: s40 | AO1: s41 | AP1: s42 | AQ1: s43 | AR1: s44 | AS1: s45 | AT1: s46 | AU1: s47 | AV1: s48 | AW1: s49 | AX1: s50 | AY1: s51 | AZ1: s52 | BA1: s53 | BB1: s54 | BC1: s55 | BD1: s56 | BE1: s57 | BF1: s58 | BG1: s59 | BH1: s60 | BI1: s61 | BJ1: s62 | BK1: s63 | BL1: s64 | BM1: s65 | BN1: s66 | BO1: s67 | BP1: s68 | BQ1: s69 | BR1: s70 | BS1: s71 | BT1: s72 | BU1: s73 | BV1: s74 | BW1: s75 | BX1: s76 | BY1: s77 | BZ1: s78 | CA1: s79 | CB1: s80 | CC1: s81 | CD1: s82 | CE1: s83 | CF1: s84 | CG1: s85 | CH1: s86 | CI1: s87 | CJ1: s88 | CK1: s89 | CL1: s90 | CM1: s91 | CN1: s92 | CO1: s93 | CP1: s94 | CQ1: s95 | CR1: s96 | CS1: s97 | CT1: s98 | CU1: s99 | CV1: s100 | CW1: s101 | CX1: s102 | CY1: s103 | CZ1: s104 | DA1: s105 | DB1: s106 | DC1: s107 | DD1: s108 | DE1: s109 | DF1: s110 | DG1: s111 | DH1: s112 | DI1: s113 | DJ1: s114 | DK1: s115 | DL1: s116 | DM1: s117 | DN1: s118 | DO1: s119 | DP1: s120 | DQ1: s121 | DR1: s122 | DS1: s123 | DT1: s124 | DU1: s125 | DV1: s126 | DW1: s127 | DX1: s128 | DY1: s129 | DZ1: s130 | EA1: s131 | EB1: s132 | EC1: s133 | ED1: s134 | EE1: s135 | EF1: s136 | EG1: s137 | EH1: s138 | EI1: s139 | EJ1: s140 | EK1: s141 | EL1: s142 | EM1: s143 | EN1: s144 | EO1: s145 | EP1: s146 | EQ1: s147 | ER1: s148 | ES1: s149 | ET1: s150 | EU1: s151 | EV1: s152 | EW1: s153 | EX1: s154 | EY1: s155 | EZ1: s156 | FA1: s157 | FB1: s158 | FC1: s159 | FD1: s160 | FE1: s161 | FF1: s162 | FG1: s163 | FH1: s164 | FI1: s165 | FJ1: s166 | FK1: s167 | FL1: s168 | FM1: s169 | FN1: s170 | FO1: s171 | FP1: s172 | FQ1: s173 | FR1: s174 | FS1: s175 | FT1: s176 | FU1: s177 | FV1: s178 | FW1: s179 | FX1: s180 | FY1: s181 | FZ1: s182 | GA1: s183 | GB1: s184 | GC1: s185 | GD1: s186 | GE1: s187 | GF1: s188 | GG1: s189 | GH1: s190 | GI1: s191 | GJ1: s192 | GK1: s193 | GL1: s194 | GM1: s195 | GN1: s196 | GO1: s197 | GP1: s198 | GQ1: s199 | GR1: s200 | GS1: s201 | GT1: s202 | GU1: s203 | GV1: s204 | GW1: s205 | GX1: s206 | GY1: s207 | GZ1: s208 | HA1: s209 | HB1: s210 | HC1: s211 | HD1: s212 | HE1: s213 | HF1: s214 | HG1: s215 | HH1: s216 | HI1: s217 | HJ1: s218 | HK1: s219 | HL1: s220 | HM1: s221 | HN1: s222 | HO1: s223 | HP1: s224 | HQ1: s225 | HR1: s226 | HS1: s227 | HT1: s228 | HU1: s229 | HV1: s230 | HW1: s231 | HX1: s232 | HY1: s233 | HZ1: s234 | IA1: s235 | IB1: s236 | IC1: s237 | ID1: s238 | IE1: s239 | IF1: s240 | IG1: s241 | IH1: s242 | II1: s243 | IJ1: s244 | IK1: s245 | IL1: s246 | IM1: s247 | IN1: s248 | IO1: s249 | IP1: s250
A2: 885.63187 | B2: 402.30679 | C2: 572.07422 | D2: 747.66495 | E2: 470.01163 | F2: 523.14953 | G2: 676.40701 | H2: 656.47871 | I2: 251.90053 | J2: 241.358 | K2: 345.41779 | L2: 330.34669 | M2: 619.41799 | N2: 598.49288 | O2: 296.50667 | P2: 635.32983 | Q2: 840.63498 | R2: 1449.8486 | S2: 596.56929 | T2: 522.4737 | U2: 765.80417 | V2: 1010.0639 | W2: 1375.7908 | X2: 775.4237 | Y2: 647.8479 | Z2: 662.62994 | AA2: 1058.7301 | AB2: 690.80839 | AC2: 575.71508 | AD2: 1199.2496 | AE2: 1069.4312 | AF2: 609.896 | AG2: 447.9475 | AH2: 395.84842 | AI2: 925.93017 | AJ2: 1195.3274 | AK2: 351.46014 | AL2: 888.77748 | AM2: 588.05576 | AN2: 1593.834 | AO2: 1430.0213 | AP2: 665.04663 | AQ2: 741.7865 | AR2: 922.06183 | AS2: 1322.5827 | AT2: 366.79032 | AU2: 1134.4617 | AV2: 617.65378 | AW2: 701.63814 | AX2: 673.20786 | AY2: 1030.4206 | AZ2: 285.96682 | BA2: 720.96473 | BB2: 606.57327 | BC2: 346.84128 | BD2: 438.00152 | BE2: 1156.7141 | BF2: 272.41227 | BG2: 328.81507 | BH2: 1562.1466 | BI2: 724.96162 | BJ2: 303.49732 | BK2: 1388.3051 | BL2: 258.19791 | BM2: 206.61578 | BN2: 736.66451 | BO2: 590.59468 | BP2: 484.61922 | BQ2: 1089.2243 | BR2: 1358.6514 | BS2: 964.35653 | BT2: 776.75959 | BU2: 519.37508 | BV2: 890.89088 | BW2: 1290.6362 | BX2: 180.69147 | BY2: 305.13662 | BZ2: 675.60661 | CA2: 671.63482 | CB2: 1002.4695 | CC2: 926.52447 | CD2: 1110.6122 | CE2: 742.99826 | CF2: 923.85343 | CG2: 185.49432 | CH2: 685.64362 | CI2: 461.39696 | CJ2: 451.27264 | CK2: 620.27307 | CL2: 704.207 | CM2: 496.51417 | CN2: 314.82937 | CO2: 891.72108 | CP2: 656.25722 | CQ2: 315.24492 | CR2: 222.62288 | CS2: 828.99156 | CT2: 966.64415 | CU2: 606.35276 | CV2: 1558.206 | CW2: 387.74833 | CX2: 531.29743 | CY2: 440.42454 | CZ2: 997.6863 | DA2: 386.54353 | DB2: 341.3218 | DC2: 758.97586 | DD2: 783.60503 | DE2: 228.63055 | DF2: 188.01781 | DG2: 661.06539 | DH2: 1347.7528 | DI2: 837.0031 | DJ2: 511.24188 | DK2: 430.22524 | DL2: 306.67968 | DM2: 971.11987 | DN2: 809.54716 | DO2: 404.99111 | DP2: 233.55748 | DQ2: 342.67122 | DR2: 441.29988 | DS2: 697.69004 | DT2: 545.10476 | DU2: 916.95818 | DV2: 681.80126 | DW2: 1008.7386 | DX2: 349.16245 | DY2: 662.17266 | DZ2: 431.24897 | EA2: 902.45194 | EB2: 316.49955 | EC2: 405.00269 | ED2: 695.58472 | EE2: 582.05572 | EF2: 451.73532 | EG2: 646.32367 | EH2: 298.217 | EI2: 1087.5623 | EJ2: 1071.7157 | EK2: 1232.9686 | EL2: 1415.7392 | EM2: 479.18868 | EN2: 905.88499 | EO2: 452.85398 | EP2: 1326.5421 | EQ2: 904.80406 | ER2: 502.04735 | ES2: 333.67358 | ET2: 1164.2736 | EU2: 928.55572 | EV2: 332.45089 | EW2: 720.73892 | EX2: 557.14861 | EY2: 873.69957 | EZ2: 528.69258 | FA2: 708.52194 | FB2: 320.79532 | FC2: 554.26322 | FD2: 435.60691 | FE2: 603.80416 | FF2: 627.04793 | FG2: 951.72035 | FH2: 142.21131 | FI2: 1315.1678 | FJ2: 1110.4236 | FK2: 592.25968 | FL2: 655.11904 | FM2: 1075.9258 | FN2: 693.56056 | FO2: 745.05997 | FP2: 650.7136 | FQ2: 576.3613 | FR2: 1036.5547 | FS2: 844.29922 | FT2: 626.69631 | FU2: 412.69388 | FV2: 293.58928 | FW2: 838.07103 | FX2: 614.63331 | FY2: 1184.8561 | FZ2: 479.14713 | GA2: 911.79936 | GB2: 646.92992 | GC2: 961.29909 | GD2: 411.82094 | GE2: 510.70858 | GF2: 454.55662 | GG2: 252.51712 | GH2: 386.72287 | GI2: 781.68745 | GJ2: 333.50948 | GK2: 962.46043 | GL2: 1325.3396 | GM2: 755.95523 | GN2: 268.76289 | GO2: 629.04109 | GP2: 817.42666 | GQ2: 1350.6049 | GR2: 925.70078 | GS2: 456.52629 | GT2: 1265.9906 | GU2: 647.06207 | GV2: 675.60411 | GW2: 807.12636 | GX2: 574.22301 | GY2: 559.88343 | GZ2: 349.99504 | HA2: 1302.2274 | HB2: 275.5833 | HC2: 472.85547 | HD2: 285.03471 | HE2: 725.62709 | HF2: 909.43179 | HG2: 664.1755 | HH2: 1252.3254 | HI2: 450.21647 | HJ2: 465.44794 | HK2: 654.52203 | HL2: 468.24533 | HM2: 537.81276 | HN2: 626.08242 | HO2: 1003.2655 | HP2: 950.13091 | HQ2: 660.94366 | HR2: 595.29031 | HS2: 815.98107 | HT2: 741.97807 | HU2: 390.14613 | HV2: 386.76217 | HW2: 550.24589 | HX2: 882.93651 | HY2: 1099.7684 | HZ2: 972.67875 | IA2: 422.98176 | IB2: 558.20744 | IC2: 646.09687 | ID2: 653.65301 | IE2: 1471.3966 | IF2: 309.3391 | IG2: 778.76991 | IH2: 198.61386 | II2: 439.54704 | IJ2: 933.29633 | IK2: 765.88214 | IL2: 379.60372 | IM2: 663.17091 | IN2: 1205.8382 | IO2: 1078.2039 | IP2: 1069.276

Sheet MCOutdoorWilling
A1: s1 | B1: s2 | C1: s3 | D1: s4 | E1: s5 | F1: s6 | G1: s7 | H1: s8 | I1: s9 | J1: s10 | K1: s11 | L1: s12 | M1: s13 | N1: s14 | O1: s15 | P1: s16 | Q1: s17 | R1: s18 | S1: s19 | T1: s20 | U1: s21 | V1: s22 | W1: s23 | X1: s24 | Y1: s25 | Z1: s26 | AA1: s27 | AB1: s28 | AC1: s29 | AD1: s30 | AE1: s31 | AF1: s32 | AG1: s33 | AH1: s34 | AI1: s35 | AJ1: s36 | AK1: s37 | AL1: s38 | AM1: s39 | AN1: s40 | AO1: s41 | AP1: s42 | AQ1: s43 | AR1: s44 | AS1: s45 | AT1: s46 | AU1: s47 | AV1: s48 | AW1: s49 | AX1: s50 | AY1: s51 | AZ1: s52 | BA1: s53 | BB1: s54 | BC1: s55 | BD1: s56 | BE1: s57 | BF1: s58 | BG1: s59 | BH1: s60 | BI1: s61 | BJ1: s62 | BK1: s63 | BL1: s64 | BM1: s65 | BN1: s66 | BO1: s67 | BP1: s68 | BQ1: s69 | BR1: s70 | BS1: s71 | BT1: s72 | BU1: s73 | BV1: s74 | BW1: s75 | BX1: s76 | BY1: s77 | BZ1: s78 | CA1: s79 | CB1: s80 | CC1: s81 | CD1: s82 | CE1: s83 | CF1: s84 | CG1: s85 | CH1: s86 | CI1: s87 | CJ1: s88 | CK1: s89 | CL1: s90 | CM1: s91 | CN1: s92 | CO1: s93 | CP1: s94 | CQ1: s95 | CR1: s96 | CS1: s97 | CT1: s98 | CU1: s99 | CV1: s100 | CW1: s101 | CX1: s102 | CY1: s103 | CZ1: s104 | DA1: s105 | DB1: s106 | DC1: s107 | DD1: s108 | DE1: s109 | DF1: s110 | DG1: s111 | DH1: s112 | DI1: s113 | DJ1: s114 | DK1: s115 | DL1: s116 | DM1: s117 | DN1: s118 | DO1: s119 | DP1: s120 | DQ1: s121 | DR1: s122 | DS1: s123 | DT1: s124 | DU1: s125 | DV1: s126 | DW1: s127 | DX1: s128 | DY1: s129 | DZ1: s130 | EA1: s131 | EB1: s132 | EC1: s133 | ED1: s134 | EE1: s135 | EF1: s136 | EG1: s137 | EH1: s138 | EI1: s139 | EJ1: s140 | EK1: s141 | EL1: s142 | EM1: s143 | EN1: s144 | EO1: s145 | EP1: s146 | EQ1: s147 | ER1: s148 | ES1: s149 | ET1: s150 | EU1: s151 | EV1: s152 | EW1: s153 | EX1: s154 | EY1: s155 | EZ1: s156 | FA1: s157 | FB1: s158 | FC1: s159 | FD1: s160 | FE1: s161 | FF1: s162 | FG1: s163 | FH1: s164 | FI1: s165 | FJ1: s166 | FK1: s167 | FL1: s168 | FM1: s169 | FN1: s170 | FO1: s171 | FP1: s172 | FQ1: s173 | FR1: s174 | FS1: s175 | FT1: s176 | FU1: s177 | FV1: s178 | FW1: s179 | FX1: s180 | FY1: s181 | FZ1: s182 | GA1: s183 | GB1: s184 | GC1: s185 | GD1: s186 | GE1: s187 | GF1: s188 | GG1: s189 | GH1: s190 | GI1: s191 | GJ1: s192 | GK1: s193 | GL1: s194 | GM1: s195 | GN1: s196 | GO1: s197 | GP1: s198 | GQ1: s199 | GR1: s200 | GS1: s201 | GT1: s202 | GU1: s203 | GV1: s204 | GW1: s205 | GX1: s206 | GY1: s207 | GZ1: s208 | HA1: s209 | HB1: s210 | HC1: s211 | HD1: s212 | HE1: s213 | HF1: s214 | HG1: s215 | HH1: s216 | HI1: s217 | HJ1: s218 | HK1: s219 | HL1: s220 | HM1: s221 | HN1: s222 | HO1: s223 | HP1: s224 | HQ1: s225 | HR1: s226 | HS1: s227 | HT1: s228 | HU1: s229 | HV1: s230 | HW1: s231 | HX1: s232 | HY1: s233 | HZ1: s234 | IA1: s235 | IB1: s236 | IC1: s237 | ID1: s238 | IE1: s239 | IF1: s240 | IG1: s241 | IH1: s242 | II1: s243 | IJ1: s244 | IK1: s245 | IL1: s246 | IM1: s247 | IN1: s248 | IO1: s249 | IP1: s250
A2: 1 | B2: Eps | C2: 1 | D2: 1 | E2: Eps | F2: Eps | G2: Eps | H2: 1 | I2: 1 | J2: Eps | K2: 1 | L2: 1 | M2: 1 | N2: Eps | O2: Eps | P2: 1 | Q2: 1 | R2: 1 | S2: Eps | T2: Eps | U2: Eps | V2: Eps | W2: 1 | X2: 1 | Y2: Eps | Z2: Eps | AA2: 1 | AB2: 1 | AC2: Eps | AD2: 1 | AE2: Eps | AF2: Eps | AG2: 1 | AH2: Eps | AI2: Eps | AJ2: 1 | AK2: 1 | AL2: 1 | AM2: 1 | AN2: 1 | AO2: 1 | AP2: Eps | AQ2: 1 | AR2: 1 | AS2: 1 | AT2: Eps | AU2: 1 | AV2: Eps | AW2: 1 | AX2: Eps | AY2: Eps | AZ2: Eps | BA2: 1 | BB2: Eps | BC2: Eps | BD2: 1 | BE2: Eps | BF2: 1 | BG2: Eps | BH2: 1 | BI2: 1 | BJ2: Eps | BK2: Eps | BL2: Eps | BM2: Eps | BN2: Eps | BO2: Eps | BP2: Eps | BQ2: 1 | BR2: Eps | BS2: 1 | BT2: 1 | BU2: Eps | BV2: 1 | BW2: Eps | BX2: 1 | BY2: 1 | BZ2: Eps | CA2: Eps | CB2: Eps | CC2: Eps | CD2: Eps | CE2: Eps | CF2: Eps | CG2: Eps | CH2: Eps | CI2: 1 | CJ2: 1 | CK2: 1 | CL2: Eps | CM2: Eps | CN2: Eps | CO2: 1 | CP2: 1 | CQ2: Eps | CR2: Eps | CS2: Eps | CT2: 1 | CU2: Eps | CV2: Eps | CW2: 1 | CX2: 1 | CY2: Eps | CZ2: Eps | DA2: 1 | DB2: 1 | DC2: 1 | DD2: 1 | DE2: Eps | DF2: Eps | DG2: Eps | DH2: Eps | DI2: 1 | DJ2: Eps | DK2: 1 | DL2: Eps | DM2: Eps | DN2: Eps | DO2: Eps | DP2: 1 | DQ2: Eps | DR2: 1 | DS2: Eps | DT2: Eps | DU2: 1 | DV2: Eps | DW2: 1 | DX2: 1 | DY2: 1 | DZ2: 1 | EA2: Eps | EB2: Eps | EC2: 1 | ED2: Eps | EE2: 1 | EF2: 1 | EG2: Eps | EH2: 1 | EI2: Eps | EJ2: Eps | EK2: Eps | EL2: 1 | EM2: 1 | EN2: 1 | EO2: 1 | EP2: Eps | EQ2: Eps | ER2: 1 | ES2: Eps | ET2: 1 | EU2: Eps | EV2: Eps | EW2: Eps | EX2: Eps | EY2: Eps | EZ2: 1 | FA2: 1 | FB2: 1 | FC2: 1 | FD2: 1 | FE2: 1 | FF2: Eps | FG2: Eps | FH2: Eps | FI2: 1 | FJ2: Eps | FK2: Eps | FL2: Eps | FM2: 1 | FN2: 1 | FO2: 1 | FP2: Eps | FQ2: Eps | FR2: 1 | FS2: 1 | FT2: 1 | FU2: 1 | FV2: 1 | FW2: 1 | FX2: 1 | FY2: 1 | FZ2: Eps | GA2: 1 | GB2: Eps | GC2: Eps | GD2: Eps | GE2: 1 | GF2: 1 | GG2: 1 | GH2: 1 | GI2: Eps | GJ2: 1 | GK2: 1 | GL2: 1 | GM2: 1 | GN2: 1 | GO2: 1 | GP2: 1 | GQ2: 1 | GR2: 1 | GS2: 1 | GT2: 1 | GU2: Eps | GV2: 1 | GW2: 1 | GX2: Eps | GY2: 1 | GZ2: Eps | HA2: Eps | HB2: 1 | HC2: 1 | HD2: 1 | HE2: Eps | HF2: Eps | HG2: Eps | HH2: 1 | HI2: 1 | HJ2: Eps | HK2: 1 | HL2: 1 | HM2: Eps | HN2: Eps | HO2: 1 | HP2: Eps | HQ2: Eps | HR2: Eps | HS2: 1 | HT2: Eps | HU2: Eps | HV2: 1 | HW2: Eps | HX2: Eps | HY2: Eps | HZ2: Eps | IA2: Eps | IB2: Eps | IC2: Eps | ID2: Eps | IE2: Eps | IF2: 1 | IG2: Eps | IH2: Eps | II2: 1 | IJ2: 1 | IK2: 1 | IL2: 1 | IM2: Eps | IN2: Eps | IO2: Eps | IP2: 1

Sheet MCWaterSavings
B1: Shower | C1: Toilet | D1: Faucets | E1: Laundry | F1: Dishwasher | G1: Outdoor
A2: s1 | B2: 489216 | D2: 61516 | G2: 228977.6
A3: s2 | B3: 64584 | C3: 47320
A4: s3 | B4: 342451.2 | C4: 1.4551915e-11 | G4: 158295.89
A5: s4 | B5: 108576 | C5: 24440 | D5: 22880 | G5: 143163.33
A6: s5 | D6: 31574.4
A7: s6 | B7: 35380.8 | D7: 33862.4 | F7: 5075.2
A8: s7 | B8: 60278.4 | F8: -3.6379788e-12
A9: s8 | B9: 136281.6 | D9: 39884 | F9: 10150.4 | G9: 642430.96
A10: s9 | B10: 1.4551915e-11 | D10: 18200 | E10: 45136 | F10: 2537.6 | G10: 99383.695
A11: s10 | B11: 65520 | C11: 37440 | D11: 19219.2 | F11: 12688
A12: s11 | B12: 74256 | C12: 36400 | D12: 45292 | G12: 318555.68
A13: s12 | B13: 924580.8 | C13: 34320 | E13: 32240 | G13: 64982.705
A14: s13 | B14: 572644.8 | C14: 17160 | D14: 53404 | E14: 6448 | F14: -3.6379788e-12 | G14: 469042.02
A15: s14 | B15: 39312 | C15: -1.4551915e-11 | D15: 43940 | E15: 12896 | F15: 11419.2
A16: s15 | D16: 1.4551915e-11 | E16: 6448
A17: s16 | D17: 54080 | E17: 51584 | F17: -3.6379788e-12 | G17: 626574.45
A18: s17 | B18: 517870.08 | C18: 16120 | D18: 49420.8 | G18: 250297.4
A19: s18 | B19: 35380.8 | C19: -7.2759576e-12 | E19: 12896 | F19: 12688 | G19: 258055.84
A20: s19 | B20: 126360 | D20: 2.910383e-11
A21: s20 | B21: 36691.2 | C21: 40560 | D21: 34216
A22: s21 | B22: 113568 | C22: 1.4551915e-11 | D22: 38896 | E22: 32240
A23: s22 | B23: 183456 | C23: 38480 | D23: 37128 | F23: 1268.8
A24: s23 | B24: 65520 | C24: 23400 | D24: 19656 | E24: 45136 | F24: 3806.4 | G24: 282148.42
A25: s24 | B25: 432432 | D25: 26083.2 | F25: 5075.2 | G25: 91850.335
A26: s25 | B26: 399360 | C26: 7.2759576e-12 | F26: 3806.4
A27: s26 | B27: 100900.8 | C27: 17160 | D27: 1.4551915e-11 | E27: 51584 | F27: 8881.6
A28: s27 | B28: 252470.4 | D28: 32489.6 | E28: 25792 | F28: -3.6379788e-12 | G28: 268495.01
A29: s28 | B29: 157684.8 | C29: 1.4551915e-11 | D29: 37180 | E29: 12896 | F29: 8881.6 | G29: 126543.94
A30: s29 | B30: 527155.2 | D30: 16380 | F30: 2537.6
A31: s30 | B31: 279552 | C31: 1.4551915e-11 | D31: 48963.2 | G31: 405130.16
A32: s31 | B32: 467251.2 | C32: 1.4551915e-11 | D32: 25168 | E32: 25792
A33: s32 | B33: 349440 | C33: 27040 | E33: 12896 | F33: 11419.2
A34: s33 | B34: 164424 | C34: 28080 | D34: 20748 | G34: 65013.725
A35: s34 | C35: 18200 | D35: 1.4551915e-11
A36: s35 | C36: -1.4551915e-11 | D36: 50336
A37: s36 | B37: 248976 | D37: 15652 | G37: 195964.71
A38: s37 | B38: 279864 | C38: 17680 | D38: 30576 | E38: 12896 | G38: 50115.302
A39: s38 | B39: 187200 | D39: 64896 | F39: 5075.2 | G39: 180986.14
A40: s39 | B40: 61152 | D40: 49420.8 | E40: 84240 | G40: 651688.97
A41: s40 | C41: 47320 | D41: 24252.8 | F41: 10150.4 | G41: 160305.56
A42: s41 | B42: 151008 | C42: 36920 | D42: 77064 | E42: 38688 | F42: 1268.8 | G42: 184607.94
A43: s42 | B43: 96096 | D43: 27664
A44: s43 | B44: 318427.2 | D44: 24024 | F44: 7612.8 | G44: 212146.21
A45: s44 | B45: 169728 | C45: 24960 | D45: 32760 | F45: 12688 | G45: 418575.56
A46: s45 | B46: 163800 | C46: 39000 | D46: 75712 | F46: 3806.4 | G46: 137168.33
A47: s46 | D47: 68276 | E47: 32240 | F47: 1268.8
A48: s47 | B48: 247104 | D48: 21840 | G48: 203104.72
A49: s48 | B49: 5.8207661e-11 | F49: 5075.2
A50: s49 | B50: 320785.92 | C50: 47840 | D50: 28392 | E50: 32240 | G50: 634501.15
A51: s50 | B51: 464006.4 | C51: 1.4551915e-11 | D51: 29744 | E51: 19344 | F51: -3.6379788e-12
A52: s51 | B52: 342451.2 | D52: 37856 | E52: 38688 | F52: 10150.4
A53: s52 | B53: 62899.2 | C53: 1.4551915e-11 | D53: 31096 | E53: 84240
A54: s53 | B54: 104133.12 | C54: 52000 | D54: 29848 | E54: 45136 | F54: 11419.2 | G54: 191792.92
A55: s54 | B55: 107640 | C55: 24960 | E55: 19344
A56: s55 | B56: 149760 | D56: 30576 | E56: 32240 | F56: -3.6379788e-12
A57: s56 | B57: 1.1641532e-10 | C57: 52000 | D57: 37065.6 | E57: 38688 | G57: 57530.9
A58: s57 | B58: 52416 | C58: 41600 | D58: 40768 | F58: 6344
A59: s58 | B59: 82368 | C59: 26520 | D59: 1.4551915e-11 | G59: 113210.53
A60: s59 | B60: 387504 | D60: 16380 | E60: 38688 | F60: 10150.4
A61: s60 | B61: 142571.52 | C61: 15600 | D61: 33124 | E61: 45136 | F61: 3806.4 | G61: 199596.03
A62: s61 | B62: 146764.8 | C62: 50960 | D62: 31304 | G62: 266102.53
A63: s62 | B63: 97843.2 | C63: 31720 | F63: 5075.2
A64: s63 | B64: 271252.8 | C64: 44720 | D64: 33488 | F64: 7612.8
A65: s64 | B65: 97843.2 | C65: 25480 | D65: 50700
A66: s65 | B66: 475937.28 | C66: 46280 | D66: 77064 | F66: 6344
A67: s66 | B67: 137592 | C67: 33800 | D67: 1.4551915e-11
A68: s67 | B68: 15724.8 | D68: 26208 | E68: 51584 | F68: 1268.8
A69: s68 | B69: 41932.8 | C69: 43160 | D69: 31772 | E69: 38688 | F69: 10150.4
A70: s69 | B70: 243360 | C70: 30160 | D70: 62192 | E70: 19344 | G70: 281640.65
A71: s70 | B71: 219648 | D71: 51251.2 | F71: 7612.8
A72: s71 | C72: 1.4551915e-11 | E72: 12896 | G72: 162924.11
A73: s72 | B73: 1.1641532e-10 | C73: 42640 | D73: 49348 | F73: 7612.8 | G73: 490009.01
A74: s73 | B74: 82992 | C74: 47840 | D74: 26208 | E74: 6448 | F74: 10150.4
A75: s74 | C75: 34840 | D75: 29484 | E75: 25792 | G75: 408060.99
A76: s75 | B76: 356928 | C76: 28600 | D76: 36150.4 | E76: 6448
A77: s76 | B77: 658944 | C77: 40040 | D77: 21840 | E77: 51584 | F77: 11419.2 | G77: 141870.42
A78: s77 | B78: 251596.8 | C78: 21840 | D78: 1.4551915e-11 | E78: 25792 | F78: 1268.8 | G78: 110113.12
A79: s78 | C79: 43160 | D79: 39312 | G79: -5.8207661e-11
A80: s79 | B80: 267321.6 | D80: 51251.2
A81: s80 | B81: 827424 | C81: 34320 | D81: 46644 | E81: 58032 | F81: 11419.2
A82: s81 | B82: 78624 | F82: 3806.4
A83: s82 | B83: 363792 | C83: 36400 | D83: 31574.4 | E83: 6448 | F83: 8881.6
A84: s83 | D84: 47590.4 | E84: 51584
A85: s84 | B85: 37128 | C85: 27040 | D85: 29484 | F85: 3806.4
A86: s85 | B86: 88920 | C86: 24440 | E86: 51584 | F86: -3.6379788e-12
A87: s86 | B87: 355680 | C87: 52000 | D87: 51376 | E87: 32240
A88: s87 | B88: 294840 | C88: 22360 | E88: 19344 | G88: 172825.36
A89: s88 | B89: 101512.32 | C89: 30680 | D89: 29484 | E89: 6448 | G89: 350553.75
A90: s89 | B90: 528353.28 | C90: 7.2759576e-12 | E90: 6448 | F90: 7612.8 | G90: 455202.61
A91: s90 | D91: 34216
A92: s91 | B92: 638976 | C92: 15600 | D92: 53996.8 | E92: 38688
A93: s92 | B93: 685164.48 | C93: 44200 | E93: 65520 | F93: 8881.6
A94: s93 | B94: 82368 | D94: 23795.2 | G94: 136559.81
A95: s94 | B95: 253344 | C95: 39000 | D95: 17836 | E95: 32240 | G95: 604638.39
A96: s95 | B96: 174720 | C96: 28080 | D96: 7.2759576e-12 | F96: 10150.4
A97: s96 | B97: 203286.72 | C97: 7.2759576e-12 | D97: 68276 | E97: 45136
A98: s97 | C98: 42120 | D98: 36504
A99: s98 | C99: 48360 | E99: 25792 | G99: 151899.46
A100: s99 | B100: 447283.2 | C100: 30680 | D100: 64220 | E100: 6448
...

Sheet MCBillSavings
A1: s1 | B1: s2 | C1: s3 | D1: s4 | E1: s5 | F1: s6 | G1: s7 | H1: s8 | I1: s9 | J1: s10 | K1: s11 | L1: s12 | M1: s13 | N1: s14 | O1: s15 | P1: s16 | Q1: s17 | R1: s18 | S1: s19 | T1: s20 | U1: s21 | V1: s22 | W1: s23 | X1: s24 | Y1: s25 | Z1: s26 | AA1: s27 | AB1: s28 | AC1: s29 | AD1: s30 | AE1: s31 | AF1: s32 | AG1: s33 | AH1: s34 | AI1: s35 | AJ1: s36 | AK1: s37 | AL1: s38 | AM1: s39 | AN1: s40 | AO1: s41 | AP1: s42 | AQ1: s43 | AR1: s44 | AS1: s45 | AT1: s46 | AU1: s47 | AV1: s48 | AW1: s49 | AX1: s50 | AY1: s51 | AZ1: s52 | BA1: s53 | BB1: s54 | BC1: s55 | BD1: s56 | BE1: s57 | BF1: s58 | BG1: s59 | BH1: s60 | BI1: s61 | BJ1: s62 | BK1: s63 | BL1: s64 | BM1: s65 | BN1: s66 | BO1: s67 | BP1: s68 | BQ1: s69 | BR1: s70 | BS1: s71 | BT1: s72 | BU1: s73 | BV1: s74 | BW1: s75 | BX1: s76 | BY1: s77 | BZ1: s78 | CA1: s79 | CB1: s80 | CC1: s81 | CD1: s82 | CE1: s83 | CF1: s84 | CG1: s85 | CH1: s86 | CI1: s87 | CJ1: s88 | CK1: s89 | CL1: s90 | CM1: s91 | CN1: s92 | CO1: s93 | CP1: s94 | CQ1: s95 | CR1: s96 | CS1: s97 | CT1: s98 | CU1: s99 | CV1: s100 | CW1: s101 | CX1: s102 | CY1: s103 | CZ1: s104 | DA1: s105 | DB1: s106 | DC1: s107 | DD1: s108 | DE1: s109 | DF1: s110 | DG1: s111 | DH1: s112 | DI1: s113 | DJ1: s114 | DK1: s115 | DL1: s116 | DM1: s117 | DN1: s118 | DO1: s119 | DP1: s120 | DQ1: s121 | DR1: s122 | DS1: s123 | DT1: s124 | DU1: s125 | DV1: s126 | DW1: s127 | DX1: s128 | DY1: s129 | DZ1: s130 | EA1: s131 | EB1: s132 | EC1: s133 | ED1: s134 | EE1: s135 | EF1: s136 | EG1: s137 | EH1: s138 | EI1: s139 | EJ1: s140 | EK1: s141 | EL1: s142 | EM1: s143 | EN1: s144 | EO1: s145 | EP1: s146 | EQ1: s147 | ER1: s148 | ES1: s149 | ET1: s150 | EU1: s151 | EV1: s152 | EW1: s153 | EX1: s154 | EY1: s155 | EZ1: s156 | FA1: s157 | FB1: s158 | FC1: s159 | FD1: s160 | FE1: s161 | FF1: s162 | FG1: s163 | FH1: s164 | FI1: s165 | FJ1: s166 | FK1: s167 | FL1: s168 | FM1: s169 | FN1: s170 | FO1: s171 | FP1: s172 | FQ1: s173 | FR1: s174 | FS1: s175 | FT1: s176 | FU1: s177 | FV1: s178 | FW1: s179 | FX1: s180 | FY1: s181 | FZ1: s182 | GA1: s183 | GB1: s184 | GC1: s185 | GD1: s186 | GE1: s187 | GF1: s188 | GG1: s189 | GH1: s190 | GI1: s191 | GJ1: s192 | GK1: s193 | GL1: s194 | GM1: s195 | GN1: s196 | GO1: s197 | GP1: s198 | GQ1: s199 | GR1: s200 | GS1: s201 | GT1: s202 | GU1: s203 | GV1: s204 | GW1: s205 | GX1: s206 | GY1: s207 | GZ1: s208 | HA1: s209 | HB1: s210 | HC1: s211 | HD1: s212 | HE1: s213 | HF1: s214 | HG1: s215 | HH1: s216 | HI1: s217 | HJ1: s218 | HK1: s219 | HL1: s220 | HM1: s221 | HN1: s222 | HO1: s223 | HP1: s224 | HQ1: s225 | HR1: s226 | HS1: s227 | HT1: s228 | HU1: s229 | HV1: s230 | HW1: s231 | HX1: s232 | HY1: s233 | HZ1: s234 | IA1: s235 | IB1: s236 | IC1: s237 | ID1: s238 | IE1: s239 | IF1: s240 | IG1: s241 | IH1: s242 | II1: s243 | IJ1: s244 | IK1: s245 | IL1: s246 | IM1: s247 | IN1: s248 | IO1: s249 | IP1: s250
A2: 5177.2717 | B2: 743.04256 | C2: 3324.9606 | D2: 1985.7539 | E2: 209.65402 | F2: 493.47418 | G2: 400.24858 | H2: 5502.8798 | I2: 1097.3084 | J2: 895.51821 | K2: 3150.7044 | L2: 7012.6601 | M2: 7428.1602 | N2: 714.24621 | O2: 42.81472 | P2: 4862.0633 | Q2: 5535.823 | R2: 2118.2971 | S2: 839.0304 | T2: 740.14221 | U2: 1226.4346 | V2: 1728.6098 | W2: 2919.3877 | X2: 3688.1265 | Y2: 2677.0249 | Z2: 1185.4153 | AA2: 3846.2002 | AB2: 2278.7573 | AC2: 3625.9234 | AD2: 4871.4052 | AE2: 3440.9224 | AF2: 2661.2801 | AG2: 1847.6844 | AH2: 120.848 | AI2: 334.23104 | AJ2: 3058.3356 | AK2: 2597.1118 | AL2: 2909.3648 | AM2: 5620.7717 | AN2: 1607.0709 | AO2: 3250.6568 | AP2: 821.7664 | AQ2: 3733.0758 | AR2: 4373.8448 | AS2: 2785.3919 | AT2: 675.85107 | AU2: 3134.4035 | AV2: 33.699328 | AW2: 7063.3602 | AX2: 3406.9468 | AY2: 2849.5268 | AZ2: 1183.4817 | BA2: 2883.9462 | BB2: 1008.9082 | BC2: 1411.5046 | BD2: 1230.2891 | BE2: 937.08992 | BF2: 1474.7342 | BG2: 3006.0767 | BH2: 2920.4974 | BI2: 3287.672 | BJ2: 893.99898 | BK2: 2370.9687 | BL2: 1155.514 | BM2: 4021.3519 | BN2: 1138.0429 | BO2: 629.37638 | BP2: 1100.2692 | BQ2: 4227.6658 | BR2: 1849.3197 | BS2: 1167.4455 | BT2: 3915.0091 | BU2: 1152.959 | BV2: 3307.8952 | BW2: 2842.7593 | BX2: 6146.6322 | BY2: 2726.4552 | BZ2: 547.61408 | CA2: 2115.3234 | CB2: 6492.8523 | CC2: 547.33786 | CD2: 2968.7174 | CE2: 658.51802 | CF2: 647.12378 | CG2: 1095.2282 | CH2: 3262.2054 | CI2: 3382.2125 | CJ2: 3444.0224 | CK2: 6624.1748 | CL2: 227.19424 | CM2: 4961.8117 | CN2: 5337.0068 | CO2: 1611.6808 | CP2: 6288.4677 | CQ2: 1413.9907 | CR2: 2102.8795 | CS2: 522.06336 | CT2: 1500.9817 | CU2: 3642.9112 | CV2: 5113.0444 | CW2: 3746.111 | CX2: 3592.7756 | CY2: 3103.6529 | CZ2: 1625.7854 | DA2: 3622.3414 | DB2: 1722.761 | DC2: 4151.6967 | DD2: 2440.2108 | DE2: 1614.8055 | DF2: 1564.6708 | DG2: 444.58253 | DH2: 2112.423 | DI2: 2535.19 | DJ2: 794.21306 | DK2: 3517.3428 | DL2: 518.88678 | DM2: 1908.7078 | DN2: 2827.4289 | DO2: 1728.6098 | DP2: 6430.5082 | DQ2: 915.13011 | DR2: 1753.6859 | DS2: 1251.1566 | DT2: 917.61613 | DU2: 3490.2319 | DV2: 965.74816 | DW2: 2886.2293 | DX2: 2124.1044 | DY2: 3167.2754 | DZ2: 1468.5422 | EA2: 2158.1381 | EB2: 6055.5206 | EC2: 3042.5459 | ED2: 3384.4346 | EE2: 1092.8833 | EF2: 4438.7443 | EG2: 1104.5507 | EH2: 2148.5859 | EI2: 258.26944 | EJ2: 890.96051 | EK2: 756.99187 | EL2: 3001.4357 | EM2: 4388.6009 | EN2: 5614.4153 | EO2: 828.296 | EP2: 544.98995 | EQ2: 1484.2344 | ER2: 5962.029 | ES2: 271.39008 | ET2: 4362.0015 | EU2: 7709.3428 | EV2: 2517.2293 | EW2: 1827.6361 | EX2: 3487.1208 | EY2: 1455.5624 | EZ2: 4274.5549 | FA2: 2789.3388 | FB2: 3189.3354 | FC2: 4473.1149 | FD2: 4748.0972 | FE2: 2021.0688 | FF2: 602.65171 | FG2: 2786.8239 | FH2: 345.97056 | FI2: 2731.091 | FJ2: 1598.5635 | FK2: 2039.4999 | FL2: 6742.5588 | FM2: 2477.445 | FN2: 4757.7133 | FO2: 5460.4747 | FP2: 2703.6115 | FQ2: 2328.8584 | FR2: 2983.4059 | FS2: 2898.9794 | FT2: 4013.1248 | FU2: 4965.8268 | FV2: 2951.8936 | FW2: 3923.8573 | FX2: 3849.3879 | FY2: 3381.1974 | FZ2: 3663.2827 | GA2: 4641.9821 | GB2: 3585.5256 | GC2: 256.88832 | GD2: 804.91674 | GE2: 3236.8017 | GF2: 3819.6473 | GG2: 1597.6284 | GH2: 9572.9304 | GI2: 844.55488 | GJ2: 2370.6472 | GK2: 5053.0592 | GL2: 1756.9979 | GM2: 4745.1493 | GN2: 1061.3623 | GO2: 962.91521 | GP2: 3531.9191 | GQ2: 3286.0123 | GR2: 1871.9692 | GS2: 3432.0171 | GT2: 2657.2334 | GU2: 457.15072 | GV2: 10312.562 | GW2: 5160.0921 | GX2: 2792.2794 | GY2: 4767.7928 | GZ2: 4157.3093 | HA2: 2069.0559 | HB2: 1749.2372 | HC2: 3161.7531 | HD2: 2373.7862 | HE2: 924.2455 | HF2: 4898.6945 | HG2: 1029.7631 | HH2: 4888.9372 | HI2: 5728.9209 | HJ2: 3836.7514 | HK2: 6975.5542 | HL2: 4167.1186 | HM2: 832.1248 | HN2: 2542.2966 | HO2: 1967.5685 | HP2: 1054.8304 | HQ2: 600.64909 | HR2: 1698.4323 | HS2: 5080.8973 | HT2: 2189.7658 | HU2: 50.548992 | HV2: 3834.0147 | HW2: 1540.4322 | HX2: 1619.5013 | HY2: 2507.4234 | HZ2: 4255.2307 | IA2: 566.39731 | IB2: 7455.0095 | IC2: 3758.3728 | ID2: 1245.7702 | IE2: 428.49248 | IF2: 3331.8904 | IG2: 1120.917 | IH2: 402.18214 | II2: 4385.7289 | IJ2: 6913.4049 | IK2: 4897.246 | IL2: 2880.881 | IM2: 3272.2186 | IN2: 2736.5512 | IO2: 3242.2483 | IP2: 4336.8234

Sheet MCOutdoorReductionVol
A1: s1 | B1: s3 | C1: s4 | D1: s8 | E1: s9 | F1: s11 | G1: s12 | H1: s13 | I1: s16 | J1: s17 | K1: s18 | L1: s23 | M1: s24 | N1: s27 | O1: s28 | P1: s30 | Q1: s33 | R1: s36 | S1: s37 | T1: s38 | U1: s39 | V1: s40 | W1: s41 | X1: s43 | Y1: s44 | Z1: s45 | AA1: s47 | AB1: s49 | AC1: s53 | AD1: s56 | AE1: s58 | AF1: s60 | AG1: s61 | AH1: s69 | AI1: s71 | AJ1: s72 | AK1: s74 | AL1: s76 | AM1: s77 | AN1: s87 | AO1: s88 | AP1: s89 | AQ1: s93 | AR1: s94 | AS1: s98 | AT1: s101 | AU1: s102 | AV1: s105 | AW1: s106 | AX1: s107 | AY1: s108 | AZ1: s113 | BA1: s115 | BB1: s120 | BC1: s122 | BD1: s125 | BE1: s127 | BF1: s128 | BG1: s129 | BH1: s130 | BI1: s133 | BJ1: s135 | BK1: s136 | BL1: s138 | BM1: s142 | BN1: s143 | BO1: s144 | BP1: s145 | BQ1: s148 | BR1: s150 | BS1: s156 | BT1: s157 | BU1: s158 | BV1: s159 | BW1: s160 | BX1: s161 | BY1: s165 | BZ1: s169 | CA1: s170 | CB1: s171 | CC1: s174 | CD1: s175 | CE1: s176 | CF1: s177 | CG1: s178 | CH1: s179 | CI1: s180 | CJ1: s181 | CK1: s183 | CL1: s187 | CM1: s188 | CN1: s189 | CO1: s190 | CP1: s192 | CQ1: s193 | CR1: s194 | CS1: s195 | CT1: s196 | CU1: s197 | CV1: s198 | CW1: s199 | CX1: s200 | CY1: s201 | CZ1: s202 | DA1: s204 | DB1: s205 | DC1: s207 | DD1: s210 | DE1: s211 | DF1: s212 | DG1: s216 | DH1: s217 | DI1: s219 | DJ1: s220 | DK1: s223 | DL1: s227 | DM1: s230 | DN1: s240 | DO1: s243 | DP1: s244 | DQ1: s245 | DR1: s246 | DS1: s250
A2: 228977.6 | B2: 158295.89 | C2: 143163.33 | D2: 642430.96 | E2: 99383.695 | F2: 318555.68 | G2: 64982.705 | H2: 469042.02 | I2: 626574.45 | J2: 250297.4 | K2: 258055.84 | L2: 282148.42 | M2: 91850.335 | N2: 268495.01 | O2: 126543.94 | P2: 405130.16 | Q2: 65013.725 | R2: 195964.71 | S2: 50115.302 | T2: 180986.14 | U2: 651688.97 | V2: 160305.56 | W2: 184607.94 | X2: 212146.21 | Y2: 418575.56 | Z2: 137168.33 | AA2: 203104.72 | AB2: 634501.15 | AC2: 191792.92 | AD2: 57530.9 | AE2: 113210.53 | AF2: 199596.03 | AG2: 266102.53 | AH2: 281640.65 | AI2: 162924.11 | AJ2: 490009.01 | AK2: 408060.99 | AL2: 141870.42 | AM2: 110113.12 | AN2: 172825.36 | AO2: 350553.75 | AP2: 455202.61 | AQ2: 136559.81 | AR2: 604638.39 | AS2: 151899.46 | AT2: 135537.35 | AU2: 362907.86 | AV2: 201698.94 | AW2: 209656.76 | AX2: 517948.33 | AY2: 208964.02 | AZ2: 262621.73 | BA2: 438595.51 | BB2: 149762.02 | BC2: 51084.036 | BD2: 440825.34 | BE2: 384753.09 | BF2: 108005.64 | BG2: 292794.51 | BH2: 60069.993 | BI2: 330398.74 | BJ2: 89606.865 | BK2: 135849.59 | BL2: 234079.82 | BM2: 240986.65 | BN2: 557599.48 | BO2: 537392.47 | BP2: 47315.373 | BQ2: 136948.74 | BR2: 287582.34 | BS2: 436715.06 | BT2: 275583.55 | BU2: 169288.79 | BV2: 580373.89 | BW2: 378489.28 | BX2: 123313.83 | BY2: 224691.28 | BZ2: 246416.38 | CA2: 138428.69 | CB2: 645716.65 | CC2: 356134.52 | CD2: 384957.28 | CE2: 132361.46 | CF2: 459993.48 | CG2: 67853.492 | CH2: 323246.36 | CI2: 308016.69 | CJ2: 380110.87 | CK2: 114176.88 | CL2: 165099.25 | CM2: 287199.29 | CN2: 127683.48 | CO2: 451855.19 | CP2: 140214.3 | CQ2: 357482.9 | CR2: 171892.11 | CS2: 138941 | CT2: 84454.116 | CU2: 70137.35 | CV2: 435008.33 | CW2: 260236.56 | CX2: 186014.28 | CY2: 410332.44 | CZ2: 267793.75 | DA2: 684821.46 | DB2: 260065.51 | DC2: 381734.21 | DD2: 102478.54 | DE2: 152623.64 | DF2: 104257.92 | DG2: 196515.32 | DH2: 437637.29 | DI2: 552645.67 | DJ2: 120222.42 | DK2: 108330.16 | DL2: 320491.38 | DM2: 202543.85 | DN2: 286344.33 | DO2: 468891.74 | DP2: 528829.84 | DQ2: 224055.76 | DR2: 78562.015 | DS2: 239257.65
